[0.135s] Invoking command in '/home/robot/Hiking_deploy/unitree_ros2/cyclonedds_ws/build/unitree_go': CMAKE_PREFIX_PATH=${CMAKE_PREFIX_PATH}:/home/robot/Documents/dev_ws/install/learning_urdf:/home/robot/Documents/dev_ws/install/learning_topic:/home/robot/Documents/dev_ws/install/learning_tf:/home/robot/Documents/dev_ws/install/learning_service:/home/robot/Documents/dev_ws/install/learning_qos:/home/robot/Documents/dev_ws/install/learning_pkg_python:/home/robot/Documents/dev_ws/install/learning_parameter:/home/robot/Documents/dev_ws/install/learning_node:/home/robot/Documents/dev_ws/install/learning_launch:/home/robot/Documents/dev_ws/install/learning_action:/home/robot/Documents/dev_ws/install/learning_gazebo_harmonic:/home/robot/Documents/dev_ws/install/learning_gazebo:/home/robot/Documents/dev_ws/install/learning_cv:/opt/ros/humble CONDA_PROMPT_MODIFIER=(base) PS1=(.venv) (base) \[\e]0;\u@\h: \w\a\]${debian_chroot:+($debian_chroot)}\[\033[01;32m\]\u@\h\[\033[00m\]:\[\033[01;34m\]\w\[\033[00m\]\$ /usr/bin/cmake /home/robot/Hiking_deploy/unitree_ros2/cyclonedds_ws/src/unitree/unitree_go -DCMAKE_INSTALL_PREFIX=/home/robot/Hiking_deploy/unitree_ros2/cyclonedds_ws/install/unitree_go
[0.297s] -- The C compiler identification is GNU 11.4.0
[0.396s] -- The CXX compiler identification is GNU 11.4.0
[0.402s] -- Detecting C compiler ABI info
[0.453s] -- Detecting C compiler ABI info - done
[0.456s] -- Check for working C compiler: /usr/bin/cc - skipped
[0.457s] -- Detecting C compile features
[0.457s] -- Detecting C compile features - done
[0.459s] -- Detecting CXX compiler ABI info
[0.513s] -- Detecting CXX compiler ABI info - done
[0.517s] -- Check for working CXX compiler: /usr/bin/c++ - skipped
[0.517s] -- Detecting CXX compile features
[0.517s] -- Detecting CXX compile features - done
[0.519s] -- Found ament_cmake: 1.3.14 (/opt/ros/humble/share/ament_cmake/cmake)
[0.777s] -- Found Python3: /home/robot/Hiking_deploy/.venv/bin/python3 (found version "3.10.12") found components: Interpreter 
[0.845s] -- Found geometry_msgs: 4.9.1 (/opt/ros/humble/share/geometry_msgs/cmake)
[0.870s] -- Found rosidl_generator_c: 3.1.8 (/opt/ros/humble/share/rosidl_generator_c/cmake)
[0.874s] -- Found rosidl_adapter: 3.1.8 (/opt/ros/humble/share/rosidl_adapter/cmake)
[0.879s] -- Found rosidl_generator_cpp: 3.1.8 (/opt/ros/humble/share/rosidl_generator_cpp/cmake)
[0.886s] -- Using all available rosidl_typesupport_c: rosidl_typesupport_fastrtps_c;rosidl_typesupport_introspection_c
[0.896s] -- Using all available rosidl_typesupport_cpp: rosidl_typesupport_fastrtps_cpp;rosidl_typesupport_introspection_cpp
[0.925s] -- Found rosidl_default_generators: 1.2.1 (/opt/ros/humble/share/rosidl_default_generators/cmake)
[0.935s] -- Found rosidl_generator_dds_idl: 0.8.1 (/home/robot/Hiking_deploy/unitree_ros2/cyclonedds_ws/install/rosidl_generator_dds_idl/share/rosidl_generator_dds_idl/cmake)
[1.184s] -- Found ament_cmake_ros: 0.10.0 (/opt/ros/humble/share/ament_cmake_ros/cmake)
[1.483s] -- Using all available rosidl_typesupport_c: rosidl_typesupport_fastrtps_c;rosidl_typesupport_introspection_c
[1.615s] -- Using all available rosidl_typesupport_cpp: rosidl_typesupport_fastrtps_cpp;rosidl_typesupport_introspection_cpp
[1.640s] -- Found PythonInterp: /home/robot/Hiking_deploy/.venv/bin/python3 (found suitable version "3.10.12", minimum required is "3.6") 
[1.642s] -- Found python_cmake_module: 0.10.0 (/opt/ros/humble/share/python_cmake_module/cmake)
[1.668s] -- Found PythonLibs: /usr/lib/x86_64-linux-gnu/libpython3.10.so (found suitable version "3.10.12", minimum required is "3.5") 
[1.668s] -- Using PYTHON_EXECUTABLE: /home/robot/Hiking_deploy/.venv/bin/python3
[1.668s] -- Using PYTHON_INCLUDE_DIRS: /usr/include/python3.10
[1.668s] -- Using PYTHON_LIBRARIES: /usr/lib/x86_64-linux-gnu/libpython3.10.so
[1.688s] -- Found PythonExtra: .so  
[1.816s] -- Found ament_lint_auto: 0.12.15 (/opt/ros/humble/share/ament_lint_auto/cmake)
[1.834s] -- Added test 'copyright' to check source files copyright and LICENSE
[1.836s] -- Added test 'lint_cmake' to check CMake code style
[1.837s] -- Added test 'xmllint' to check XML markup files
[1.838s] -- Configuring done
[1.878s] -- Generating done
[1.887s] -- Build files have been written to: /home/robot/Hiking_deploy/unitree_ros2/cyclonedds_ws/build/unitree_go
[1.893s] Invoked command in '/home/robot/Hiking_deploy/unitree_ros2/cyclonedds_ws/build/unitree_go' returned '0': CMAKE_PREFIX_PATH=${CMAKE_PREFIX_PATH}:/home/robot/Documents/dev_ws/install/learning_urdf:/home/robot/Documents/dev_ws/install/learning_topic:/home/robot/Documents/dev_ws/install/learning_tf:/home/robot/Documents/dev_ws/install/learning_service:/home/robot/Documents/dev_ws/install/learning_qos:/home/robot/Documents/dev_ws/install/learning_pkg_python:/home/robot/Documents/dev_ws/install/learning_parameter:/home/robot/Documents/dev_ws/install/learning_node:/home/robot/Documents/dev_ws/install/learning_launch:/home/robot/Documents/dev_ws/install/learning_action:/home/robot/Documents/dev_ws/install/learning_gazebo_harmonic:/home/robot/Documents/dev_ws/install/learning_gazebo:/home/robot/Documents/dev_ws/install/learning_cv:/opt/ros/humble CONDA_PROMPT_MODIFIER=(base) PS1=(.venv) (base) \[\e]0;\u@\h: \w\a\]${debian_chroot:+($debian_chroot)}\[\033[01;32m\]\u@\h\[\033[00m\]:\[\033[01;34m\]\w\[\033[00m\]\$ /usr/bin/cmake /home/robot/Hiking_deploy/unitree_ros2/cyclonedds_ws/src/unitree/unitree_go -DCMAKE_INSTALL_PREFIX=/home/robot/Hiking_deploy/unitree_ros2/cyclonedds_ws/install/unitree_go
[1.894s] Invoking command in '/home/robot/Hiking_deploy/unitree_ros2/cyclonedds_ws/build/unitree_go': CMAKE_PREFIX_PATH=${CMAKE_PREFIX_PATH}:/home/robot/Documents/dev_ws/install/learning_urdf:/home/robot/Documents/dev_ws/install/learning_topic:/home/robot/Documents/dev_ws/install/learning_tf:/home/robot/Documents/dev_ws/install/learning_service:/home/robot/Documents/dev_ws/install/learning_qos:/home/robot/Documents/dev_ws/install/learning_pkg_python:/home/robot/Documents/dev_ws/install/learning_parameter:/home/robot/Documents/dev_ws/install/learning_node:/home/robot/Documents/dev_ws/install/learning_launch:/home/robot/Documents/dev_ws/install/learning_action:/home/robot/Documents/dev_ws/install/learning_gazebo_harmonic:/home/robot/Documents/dev_ws/install/learning_gazebo:/home/robot/Documents/dev_ws/install/learning_cv:/opt/ros/humble CONDA_PROMPT_MODIFIER=(base) PS1=(.venv) (base) \[\e]0;\u@\h: \w\a\]${debian_chroot:+($debian_chroot)}\[\033[01;32m\]\u@\h\[\033[00m\]:\[\033[01;34m\]\w\[\033[00m\]\$ /usr/bin/cmake --build /home/robot/Hiking_deploy/unitree_ros2/cyclonedds_ws/build/unitree_go -- -j28 -l28
[1.933s] [  0%] [34m[1mGenerating C code for ROS interfaces[0m
[1.937s] [  0%] [34m[1mGenerating DDS interfaces[0m
[1.938s] [  1%] [34m[1mGenerating Rust code for ROS interfaces[0m
[1.938s] [  1%] [34m[1mGenerating C++ code for ROS interfaces[0m
[1.942s] [  1%] Built target ament_cmake_python_copy_unitree_go
[2.185s] running egg_info
[2.205s] creating unitree_go.egg-info
[2.205s] writing unitree_go.egg-info/PKG-INFO
[2.206s] writing dependency_links to unitree_go.egg-info/dependency_links.txt
[2.206s] writing top-level names to unitree_go.egg-info/top_level.txt
[2.339s] writing manifest file 'unitree_go.egg-info/SOURCES.txt'
[2.377s] reading manifest file 'unitree_go.egg-info/SOURCES.txt'
[2.377s] writing manifest file 'unitree_go.egg-info/SOURCES.txt'
[2.406s] [  1%] Built target ament_cmake_python_build_unitree_go_egg
[2.724s] [  1%] Built target unitree_go__dds_connext_idl
[2.918s] [  1%] Built target unitree_go__rs
[3.753s] [  1%] Built target unitree_go__cpp
[3.765s] [  2%] [34m[1mGenerating C++ type support for eProsima Fast-RTPS[0m
[3.768s] [  3%] [34m[1mGenerating C++ type support dispatch for ROS interfaces[0m
[3.771s] [  4%] [34m[1mGenerating C++ introspection for ROS interfaces[0m
[3.790s] [  5%] [32mBuilding C object CMakeFiles/unitree_go__rosidl_generator_c.dir/rosidl_generator_c/unitree_go/msg/detail/audio_data__functions.c.o[0m
[3.800s] [  5%] [32mBuilding C object CMakeFiles/unitree_go__rosidl_generator_c.dir/rosidl_generator_c/unitree_go/msg/detail/bms_cmd__functions.c.o[0m
[3.800s] [  6%] [32mBuilding C object CMakeFiles/unitree_go__rosidl_generator_c.dir/rosidl_generator_c/unitree_go/msg/detail/bms_state__functions.c.o[0m
[3.800s] [  7%] [32mBuilding C object CMakeFiles/unitree_go__rosidl_generator_c.dir/rosidl_generator_c/unitree_go/msg/detail/low_cmd__functions.c.o[0m
[3.800s] [  7%] [32mBuilding C object CMakeFiles/unitree_go__rosidl_generator_c.dir/rosidl_generator_c/unitree_go/msg/detail/interface_config__functions.c.o[0m
[3.800s] [  8%] [32mBuilding C object CMakeFiles/unitree_go__rosidl_generator_c.dir/rosidl_generator_c/unitree_go/msg/detail/height_map__functions.c.o[0m
[3.800s] [  8%] [32mBuilding C object CMakeFiles/unitree_go__rosidl_generator_c.dir/rosidl_generator_c/unitree_go/msg/detail/low_state__functions.c.o[0m
[3.800s] [  9%] [32mBuilding C object CMakeFiles/unitree_go__rosidl_generator_c.dir/rosidl_generator_c/unitree_go/msg/detail/go2_front_video_data__functions.c.o[0m
[3.800s] [  9%] [32mBuilding C object CMakeFiles/unitree_go__rosidl_generator_c.dir/rosidl_generator_c/unitree_go/msg/detail/imu_state__functions.c.o[0m
[3.801s] [  8%] [32mBuilding C object CMakeFiles/unitree_go__rosidl_generator_c.dir/rosidl_generator_c/unitree_go/msg/detail/error__functions.c.o[0m
[3.801s] [  9%] [32mBuilding C object CMakeFiles/unitree_go__rosidl_generator_c.dir/rosidl_generator_c/unitree_go/msg/detail/motor_cmds__functions.c.o[0m
[3.801s] [  9%] [32mBuilding C object CMakeFiles/unitree_go__rosidl_generator_c.dir/rosidl_generator_c/unitree_go/msg/detail/lidar_state__functions.c.o[0m
[3.801s] [ 10%] [32mBuilding C object CMakeFiles/unitree_go__rosidl_generator_c.dir/rosidl_generator_c/unitree_go/msg/detail/motor_cmd__functions.c.o[0m
[3.801s] [ 10%] [32mBuilding C object CMakeFiles/unitree_go__rosidl_generator_c.dir/rosidl_generator_c/unitree_go/msg/detail/motor_states__functions.c.o[0m
[3.801s] [ 11%] [32mBuilding C object CMakeFiles/unitree_go__rosidl_generator_c.dir/rosidl_generator_c/unitree_go/msg/detail/motor_state__functions.c.o[0m
[3.808s] [ 12%] [32mBuilding C object CMakeFiles/unitree_go__rosidl_generator_c.dir/rosidl_generator_c/unitree_go/msg/detail/path_point__functions.c.o[0m
[3.848s] [ 13%] [32mBuilding C object CMakeFiles/unitree_go__rosidl_generator_c.dir/rosidl_generator_c/unitree_go/msg/detail/sport_mode_state__functions.c.o[0m
[3.848s] [ 13%] [32mBuilding C object CMakeFiles/unitree_go__rosidl_generator_c.dir/rosidl_generator_c/unitree_go/msg/detail/req__functions.c.o[0m
[3.848s] [ 13%] [32mBuilding C object CMakeFiles/unitree_go__rosidl_generator_c.dir/rosidl_generator_c/unitree_go/msg/detail/sport_mode_cmd__functions.c.o[0m
[3.848s] [ 14%] [32mBuilding C object CMakeFiles/unitree_go__rosidl_generator_c.dir/rosidl_generator_c/unitree_go/msg/detail/res__functions.c.o[0m
[3.848s] [ 14%] [32mBuilding C object CMakeFiles/unitree_go__rosidl_generator_c.dir/rosidl_generator_c/unitree_go/msg/detail/time_spec__functions.c.o[0m
[3.854s] [ 14%] [32mBuilding C object CMakeFiles/unitree_go__rosidl_generator_c.dir/rosidl_generator_c/unitree_go/msg/detail/uwb_state__functions.c.o[0m
[3.862s] [ 14%] [32mBuilding C object CMakeFiles/unitree_go__rosidl_generator_c.dir/rosidl_generator_c/unitree_go/msg/detail/wireless_controller__functions.c.o[0m
[3.862s] [ 15%] [32mBuilding C object CMakeFiles/unitree_go__rosidl_generator_c.dir/rosidl_generator_c/unitree_go/msg/detail/uwb_switch__functions.c.o[0m
[3.961s] [ 16%] [32m[1mLinking C shared library libunitree_go__rosidl_generator_c.so[0m
[4.013s] [ 16%] Built target unitree_go__rosidl_generator_c
[4.020s] [ 17%] [34m[1mGenerating C type support for eProsima Fast-RTPS[0m
[4.025s] [ 18%] [34m[1mGenerating C introspection for ROS interfaces[0m
[4.026s] [ 19%] [34m[1mGenerating C type support dispatch for ROS interfaces[0m
[5.158s] [ 20%] [32mBuilding CXX object CMakeFiles/unitree_go__rosidl_typesupport_cpp.dir/rosidl_typesupport_cpp/unitree_go/msg/audio_data__type_support.cpp.o[0m
[5.158s] [ 20%] [32mBuilding CXX object CMakeFiles/unitree_go__rosidl_typesupport_cpp.dir/rosidl_typesupport_cpp/unitree_go/msg/imu_state__type_support.cpp.o[0m
[5.158s] [ 20%] [32mBuilding CXX object CMakeFiles/unitree_go__rosidl_typesupport_cpp.dir/rosidl_typesupport_cpp/unitree_go/msg/bms_state__type_support.cpp.o[0m
[5.158s] [ 20%] [32mBuilding CXX object CMakeFiles/unitree_go__rosidl_typesupport_cpp.dir/rosidl_typesupport_cpp/unitree_go/msg/error__type_support.cpp.o[0m
[5.158s] [ 20%] [32mBuilding CXX object CMakeFiles/unitree_go__rosidl_typesupport_cpp.dir/rosidl_typesupport_cpp/unitree_go/msg/go2_front_video_data__type_support.cpp.o[0m
[5.159s] [ 21%] [32mBuilding CXX object CMakeFiles/unitree_go__rosidl_typesupport_cpp.dir/rosidl_typesupport_cpp/unitree_go/msg/bms_cmd__type_support.cpp.o[0m
[5.159s] [ 21%] [32mBuilding CXX object CMakeFiles/unitree_go__rosidl_typesupport_cpp.dir/rosidl_typesupport_cpp/unitree_go/msg/low_cmd__type_support.cpp.o[0m
[5.159s] [ 21%] [32mBuilding CXX object CMakeFiles/unitree_go__rosidl_typesupport_cpp.dir/rosidl_typesupport_cpp/unitree_go/msg/motor_cmd__type_support.cpp.o[0m
[5.159s] [ 22%] [32mBuilding CXX object CMakeFiles/unitree_go__rosidl_typesupport_cpp.dir/rosidl_typesupport_cpp/unitree_go/msg/low_state__type_support.cpp.o[0m
[5.159s] [ 23%] [32mBuilding CXX object CMakeFiles/unitree_go__rosidl_typesupport_cpp.dir/rosidl_typesupport_cpp/unitree_go/msg/motor_cmds__type_support.cpp.o[0m
[5.160s] [ 23%] [32mBuilding CXX object CMakeFiles/unitree_go__rosidl_typesupport_cpp.dir/rosidl_typesupport_cpp/unitree_go/msg/interface_config__type_support.cpp.o[0m
[5.160s] [ 23%] [32mBuilding CXX object CMakeFiles/unitree_go__rosidl_typesupport_cpp.dir/rosidl_typesupport_cpp/unitree_go/msg/motor_state__type_support.cpp.o[0m
[5.160s] [ 23%] [32mBuilding CXX object CMakeFiles/unitree_go__rosidl_typesupport_cpp.dir/rosidl_typesupport_cpp/unitree_go/msg/res__type_support.cpp.o[0m
[5.160s] [ 24%] [32mBuilding CXX object CMakeFiles/unitree_go__rosidl_typesupport_cpp.dir/rosidl_typesupport_cpp/unitree_go/msg/req__type_support.cpp.o[0m
[5.160s] [ 25%] [32mBuilding CXX object CMakeFiles/unitree_go__rosidl_typesupport_cpp.dir/rosidl_typesupport_cpp/unitree_go/msg/motor_states__type_support.cpp.o[0m
[5.160s] [ 25%] [32mBuilding CXX object CMakeFiles/unitree_go__rosidl_typesupport_cpp.dir/rosidl_typesupport_cpp/unitree_go/msg/path_point__type_support.cpp.o[0m
[5.161s] [ 26%] [32mBuilding CXX object CMakeFiles/unitree_go__rosidl_typesupport_cpp.dir/rosidl_typesupport_cpp/unitree_go/msg/lidar_state__type_support.cpp.o[0m
[5.161s] [ 26%] [32mBuilding CXX object CMakeFiles/unitree_go__rosidl_typesupport_cpp.dir/rosidl_typesupport_cpp/unitree_go/msg/sport_mode_state__type_support.cpp.o[0m
[5.162s] [ 27%] [32mBuilding CXX object CMakeFiles/unitree_go__rosidl_typesupport_cpp.dir/rosidl_typesupport_cpp/unitree_go/msg/height_map__type_support.cpp.o[0m
[5.164s] [ 27%] [32mBuilding CXX object CMakeFiles/unitree_go__rosidl_typesupport_cpp.dir/rosidl_typesupport_cpp/unitree_go/msg/time_spec__type_support.cpp.o[0m
[5.164s] [ 27%] [32mBuilding CXX object CMakeFiles/unitree_go__rosidl_typesupport_cpp.dir/rosidl_typesupport_cpp/unitree_go/msg/uwb_switch__type_support.cpp.o[0m
[5.166s] [ 28%] [32mBuilding CXX object CMakeFiles/unitree_go__rosidl_typesupport_cpp.dir/rosidl_typesupport_cpp/unitree_go/msg/sport_mode_cmd__type_support.cpp.o[0m
[5.166s] [ 29%] [32mBuilding CXX object CMakeFiles/unitree_go__rosidl_typesupport_cpp.dir/rosidl_typesupport_cpp/unitree_go/msg/uwb_state__type_support.cpp.o[0m
[5.519s] [ 30%] [32mBuilding CXX object CMakeFiles/unitree_go__rosidl_typesupport_cpp.dir/rosidl_typesupport_cpp/unitree_go/msg/wireless_controller__type_support.cpp.o[0m
[5.614s] [ 31%] [32mBuilding CXX object CMakeFiles/unitree_go__rosidl_typesupport_c.dir/rosidl_typesupport_c/unitree_go/msg/error__type_support.cpp.o[0m
[5.614s] [ 32%] [32mBuilding CXX object CMakeFiles/unitree_go__rosidl_typesupport_c.dir/rosidl_typesupport_c/unitree_go/msg/bms_state__type_support.cpp.o[0m
[5.614s] [ 32%] [32mBuilding CXX object CMakeFiles/unitree_go__rosidl_typesupport_c.dir/rosidl_typesupport_c/unitree_go/msg/bms_cmd__type_support.cpp.o[0m
[5.614s] [ 32%] [32mBuilding CXX object CMakeFiles/unitree_go__rosidl_typesupport_c.dir/rosidl_typesupport_c/unitree_go/msg/imu_state__type_support.cpp.o[0m
[5.614s] [ 33%] [32mBuilding CXX object CMakeFiles/unitree_go__rosidl_typesupport_c.dir/rosidl_typesupport_c/unitree_go/msg/height_map__type_support.cpp.o[0m
[5.614s] [ 33%] [32mBuilding CXX object CMakeFiles/unitree_go__rosidl_typesupport_c.dir/rosidl_typesupport_c/unitree_go/msg/go2_front_video_data__type_support.cpp.o[0m
[5.618s] [ 33%] [32mBuilding CXX object CMakeFiles/unitree_go__rosidl_typesupport_c.dir/rosidl_typesupport_c/unitree_go/msg/audio_data__type_support.cpp.o[0m
[5.618s] [ 34%] [32mBuilding CXX object CMakeFiles/unitree_go__rosidl_typesupport_c.dir/rosidl_typesupport_c/unitree_go/msg/interface_config__type_support.cpp.o[0m
[5.618s] [ 35%] [32mBuilding CXX object CMakeFiles/unitree_go__rosidl_typesupport_c.dir/rosidl_typesupport_c/unitree_go/msg/low_state__type_support.cpp.o[0m
[5.620s] [ 35%] [32mBuilding CXX object CMakeFiles/unitree_go__rosidl_typesupport_c.dir/rosidl_typesupport_c/unitree_go/msg/lidar_state__type_support.cpp.o[0m
[5.620s] [ 35%] [32mBuilding CXX object CMakeFiles/unitree_go__rosidl_typesupport_c.dir/rosidl_typesupport_c/unitree_go/msg/low_cmd__type_support.cpp.o[0m
[5.621s] [ 35%] [32mBuilding CXX object CMakeFiles/unitree_go__rosidl_typesupport_c.dir/rosidl_typesupport_c/unitree_go/msg/motor_cmd__type_support.cpp.o[0m
[5.623s] [ 36%] [32mBuilding CXX object CMakeFiles/unitree_go__rosidl_typesupport_c.dir/rosidl_typesupport_c/unitree_go/msg/motor_cmds__type_support.cpp.o[0m
[5.623s] [ 36%] [32mBuilding CXX object CMakeFiles/unitree_go__rosidl_typesupport_c.dir/rosidl_typesupport_c/unitree_go/msg/motor_state__type_support.cpp.o[0m
[5.627s] [ 37%] [32mBuilding CXX object CMakeFiles/unitree_go__rosidl_typesupport_c.dir/rosidl_typesupport_c/unitree_go/msg/motor_states__type_support.cpp.o[0m
[5.635s] [ 38%] [32mBuilding CXX object CMakeFiles/unitree_go__rosidl_typesupport_c.dir/rosidl_typesupport_c/unitree_go/msg/req__type_support.cpp.o[0m
[5.638s] [ 38%] [32mBuilding CXX object CMakeFiles/unitree_go__rosidl_typesupport_introspection_cpp.dir/rosidl_typesupport_introspection_cpp/unitree_go/msg/detail/audio_data__type_support.cpp.o[0m
[5.638s] [ 38%] [32mBuilding CXX object CMakeFiles/unitree_go__rosidl_typesupport_c.dir/rosidl_typesupport_c/unitree_go/msg/path_point__type_support.cpp.o[0m
[5.647s] [ 38%] [32mBuilding CXX object CMakeFiles/unitree_go__rosidl_typesupport_c.dir/rosidl_typesupport_c/unitree_go/msg/res__type_support.cpp.o[0m
[5.649s] [ 39%] [32mBuilding CXX object CMakeFiles/unitree_go__rosidl_typesupport_c.dir/rosidl_typesupport_c/unitree_go/msg/sport_mode_cmd__type_support.cpp.o[0m
[5.652s] [ 40%] [32mBuilding CXX object CMakeFiles/unitree_go__rosidl_typesupport_c.dir/rosidl_typesupport_c/unitree_go/msg/time_spec__type_support.cpp.o[0m
[5.653s] [ 40%] [32mBuilding CXX object CMakeFiles/unitree_go__rosidl_typesupport_c.dir/rosidl_typesupport_c/unitree_go/msg/sport_mode_state__type_support.cpp.o[0m
[5.653s] [ 40%] [32mBuilding CXX object CMakeFiles/unitree_go__rosidl_typesupport_introspection_cpp.dir/rosidl_typesupport_introspection_cpp/unitree_go/msg/detail/bms_cmd__type_support.cpp.o[0m
[5.654s] [ 40%] [32mBuilding CXX object CMakeFiles/unitree_go__rosidl_typesupport_introspection_cpp.dir/rosidl_typesupport_introspection_cpp/unitree_go/msg/detail/error__type_support.cpp.o[0m
[5.656s] [ 41%] [32mBuilding CXX object CMakeFiles/unitree_go__rosidl_typesupport_introspection_cpp.dir/rosidl_typesupport_introspection_cpp/unitree_go/msg/detail/go2_front_video_data__type_support.cpp.o[0m
[5.656s] [ 42%] [32mBuilding CXX object CMakeFiles/unitree_go__rosidl_typesupport_introspection_cpp.dir/rosidl_typesupport_introspection_cpp/unitree_go/msg/detail/bms_state__type_support.cpp.o[0m
[5.658s] [ 42%] [32mBuilding CXX object CMakeFiles/unitree_go__rosidl_typesupport_c.dir/rosidl_typesupport_c/unitree_go/msg/uwb_switch__type_support.cpp.o[0m
[5.660s] [ 42%] [32mBuilding CXX object CMakeFiles/unitree_go__rosidl_typesupport_c.dir/rosidl_typesupport_c/unitree_go/msg/uwb_state__type_support.cpp.o[0m
[5.661s] [ 43%] [32mBuilding CXX object CMakeFiles/unitree_go__rosidl_typesupport_c.dir/rosidl_typesupport_c/unitree_go/msg/wireless_controller__type_support.cpp.o[0m
[5.661s] [ 43%] [32mBuilding CXX object CMakeFiles/unitree_go__rosidl_typesupport_introspection_cpp.dir/rosidl_typesupport_introspection_cpp/unitree_go/msg/detail/height_map__type_support.cpp.o[0m
[5.668s] [ 44%] [32mBuilding CXX object CMakeFiles/unitree_go__rosidl_typesupport_introspection_cpp.dir/rosidl_typesupport_introspection_cpp/unitree_go/msg/detail/imu_state__type_support.cpp.o[0m
[5.668s] [ 45%] [32mBuilding CXX object CMakeFiles/unitree_go__rosidl_typesupport_introspection_cpp.dir/rosidl_typesupport_introspection_cpp/unitree_go/msg/detail/lidar_state__type_support.cpp.o[0m
[5.668s] [ 45%] [32mBuilding CXX object CMakeFiles/unitree_go__rosidl_typesupport_introspection_cpp.dir/rosidl_typesupport_introspection_cpp/unitree_go/msg/detail/interface_config__type_support.cpp.o[0m
[5.668s] [ 45%] [32mBuilding CXX object CMakeFiles/unitree_go__rosidl_typesupport_introspection_cpp.dir/rosidl_typesupport_introspection_cpp/unitree_go/msg/detail/low_cmd__type_support.cpp.o[0m
[5.670s] [ 46%] [32mBuilding CXX object CMakeFiles/unitree_go__rosidl_typesupport_introspection_cpp.dir/rosidl_typesupport_introspection_cpp/unitree_go/msg/detail/low_state__type_support.cpp.o[0m
[5.672s] [ 46%] [32mBuilding CXX object CMakeFiles/unitree_go__rosidl_typesupport_introspection_cpp.dir/rosidl_typesupport_introspection_cpp/unitree_go/msg/detail/motor_cmd__type_support.cpp.o[0m
[5.676s] [ 47%] [32mBuilding CXX object CMakeFiles/unitree_go__rosidl_typesupport_introspection_cpp.dir/rosidl_typesupport_introspection_cpp/unitree_go/msg/detail/motor_cmds__type_support.cpp.o[0m
[5.676s] [ 47%] [32mBuilding CXX object CMakeFiles/unitree_go__rosidl_typesupport_introspection_cpp.dir/rosidl_typesupport_introspection_cpp/unitree_go/msg/detail/motor_state__type_support.cpp.o[0m
[5.682s] [ 47%] [32mBuilding CXX object CMakeFiles/unitree_go__rosidl_typesupport_introspection_cpp.dir/rosidl_typesupport_introspection_cpp/unitree_go/msg/detail/motor_states__type_support.cpp.o[0m
[5.699s] [ 47%] [32mBuilding CXX object CMakeFiles/unitree_go__rosidl_typesupport_introspection_cpp.dir/rosidl_typesupport_introspection_cpp/unitree_go/msg/detail/req__type_support.cpp.o[0m
[5.704s] [ 48%] [32mBuilding CXX object CMakeFiles/unitree_go__rosidl_typesupport_introspection_cpp.dir/rosidl_typesupport_introspection_cpp/unitree_go/msg/detail/res__type_support.cpp.o[0m
[5.705s] [ 49%] [32mBuilding CXX object CMakeFiles/unitree_go__rosidl_typesupport_introspection_cpp.dir/rosidl_typesupport_introspection_cpp/unitree_go/msg/detail/path_point__type_support.cpp.o[0m
[5.708s] [ 49%] [32m[1mLinking CXX shared library libunitree_go__rosidl_typesupport_c.so[0m
[5.713s] [ 50%] [32mBuilding CXX object CMakeFiles/unitree_go__rosidl_typesupport_introspection_cpp.dir/rosidl_typesupport_introspection_cpp/unitree_go/msg/detail/sport_mode_state__type_support.cpp.o[0m
[5.723s] [ 50%] [32mBuilding CXX object CMakeFiles/unitree_go__rosidl_typesupport_introspection_cpp.dir/rosidl_typesupport_introspection_cpp/unitree_go/msg/detail/sport_mode_cmd__type_support.cpp.o[0m
[5.730s] [ 50%] [32mBuilding CXX object CMakeFiles/unitree_go__rosidl_typesupport_introspection_cpp.dir/rosidl_typesupport_introspection_cpp/unitree_go/msg/detail/time_spec__type_support.cpp.o[0m
[5.759s] [ 51%] [32mBuilding CXX object CMakeFiles/unitree_go__rosidl_typesupport_introspection_cpp.dir/rosidl_typesupport_introspection_cpp/unitree_go/msg/detail/uwb_state__type_support.cpp.o[0m
[5.765s] [ 51%] [32mBuilding CXX object CMakeFiles/unitree_go__rosidl_typesupport_introspection_cpp.dir/rosidl_typesupport_introspection_cpp/unitree_go/msg/detail/uwb_switch__type_support.cpp.o[0m
[5.791s] [ 51%] Built target unitree_go__rosidl_typesupport_c
[5.816s] [ 52%] [32mBuilding CXX object CMakeFiles/unitree_go__rosidl_typesupport_introspection_cpp.dir/rosidl_typesupport_introspection_cpp/unitree_go/msg/detail/wireless_controller__type_support.cpp.o[0m
[5.842s] [ 52%] [32m[1mLinking CXX shared library libunitree_go__rosidl_typesupport_cpp.so[0m
[5.935s] [ 52%] Built target unitree_go__rosidl_typesupport_cpp
[6.140s] [ 52%] [32mBuilding C object CMakeFiles/unitree_go__rosidl_typesupport_introspection_c.dir/rosidl_typesupport_introspection_c/unitree_go/msg/detail/audio_data__type_support.c.o[0m
[6.156s] [ 52%] [32mBuilding C object CMakeFiles/unitree_go__rosidl_typesupport_introspection_c.dir/rosidl_typesupport_introspection_c/unitree_go/msg/detail/bms_state__type_support.c.o[0m
[6.156s] [ 53%] [32mBuilding C object CMakeFiles/unitree_go__rosidl_typesupport_introspection_c.dir/rosidl_typesupport_introspection_c/unitree_go/msg/detail/bms_cmd__type_support.c.o[0m
[6.156s] [ 53%] [32mBuilding C object CMakeFiles/unitree_go__rosidl_typesupport_introspection_c.dir/rosidl_typesupport_introspection_c/unitree_go/msg/detail/error__type_support.c.o[0m
[6.156s] [ 54%] [32mBuilding C object CMakeFiles/unitree_go__rosidl_typesupport_introspection_c.dir/rosidl_typesupport_introspection_c/unitree_go/msg/detail/go2_front_video_data__type_support.c.o[0m
[6.177s] [ 54%] [32mBuilding C object CMakeFiles/unitree_go__rosidl_typesupport_introspection_c.dir/rosidl_typesupport_introspection_c/unitree_go/msg/detail/height_map__type_support.c.o[0m
[6.183s] [ 55%] [32mBuilding C object CMakeFiles/unitree_go__rosidl_typesupport_introspection_c.dir/rosidl_typesupport_introspection_c/unitree_go/msg/detail/imu_state__type_support.c.o[0m
[6.190s] [ 55%] [32mBuilding C object CMakeFiles/unitree_go__rosidl_typesupport_introspection_c.dir/rosidl_typesupport_introspection_c/unitree_go/msg/detail/interface_config__type_support.c.o[0m
[6.198s] [ 55%] [32mBuilding C object CMakeFiles/unitree_go__rosidl_typesupport_introspection_c.dir/rosidl_typesupport_introspection_c/unitree_go/msg/detail/low_cmd__type_support.c.o[0m
[6.198s] [ 56%] [32mBuilding C object CMakeFiles/unitree_go__rosidl_typesupport_introspection_c.dir/rosidl_typesupport_introspection_c/unitree_go/msg/detail/low_state__type_support.c.o[0m
[6.199s] [ 57%] [32mBuilding C object CMakeFiles/unitree_go__rosidl_typesupport_introspection_c.dir/rosidl_typesupport_introspection_c/unitree_go/msg/detail/lidar_state__type_support.c.o[0m
[6.206s] [ 57%] [32mBuilding C object CMakeFiles/unitree_go__rosidl_typesupport_introspection_c.dir/rosidl_typesupport_introspection_c/unitree_go/msg/detail/motor_cmd__type_support.c.o[0m
[6.218s] [ 58%] [32mBuilding C object CMakeFiles/unitree_go__rosidl_typesupport_introspection_c.dir/rosidl_typesupport_introspection_c/unitree_go/msg/detail/motor_cmds__type_support.c.o[0m
[6.226s] [ 58%] [32mBuilding C object CMakeFiles/unitree_go__rosidl_typesupport_introspection_c.dir/rosidl_typesupport_introspection_c/unitree_go/msg/detail/motor_state__type_support.c.o[0m
[6.227s] [ 59%] [32mBuilding C object CMakeFiles/unitree_go__rosidl_typesupport_introspection_c.dir/rosidl_typesupport_introspection_c/unitree_go/msg/detail/motor_states__type_support.c.o[0m
[6.235s] [ 59%] [32mBuilding C object CMakeFiles/unitree_go__rosidl_typesupport_introspection_c.dir/rosidl_typesupport_introspection_c/unitree_go/msg/detail/path_point__type_support.c.o[0m
[6.240s] [ 59%] [32mBuilding C object CMakeFiles/unitree_go__rosidl_typesupport_introspection_c.dir/rosidl_typesupport_introspection_c/unitree_go/msg/detail/req__type_support.c.o[0m
[6.240s] [ 60%] [32mBuilding C object CMakeFiles/unitree_go__rosidl_typesupport_introspection_c.dir/rosidl_typesupport_introspection_c/unitree_go/msg/detail/res__type_support.c.o[0m
[6.243s] [ 60%] [32mBuilding C object CMakeFiles/unitree_go__rosidl_typesupport_introspection_c.dir/rosidl_typesupport_introspection_c/unitree_go/msg/detail/sport_mode_cmd__type_support.c.o[0m
[6.244s] [ 60%] [32mBuilding CXX object CMakeFiles/unitree_go__rosidl_typesupport_fastrtps_c.dir/rosidl_typesupport_fastrtps_c/unitree_go/msg/detail/audio_data__type_support_c.cpp.o[0m
[6.251s] [ 61%] [32mBuilding CXX object CMakeFiles/unitree_go__rosidl_typesupport_fastrtps_c.dir/rosidl_typesupport_fastrtps_c/unitree_go/msg/detail/bms_cmd__type_support_c.cpp.o[0m
[6.253s] [ 61%] [32mBuilding CXX object CMakeFiles/unitree_go__rosidl_typesupport_fastrtps_c.dir/rosidl_typesupport_fastrtps_c/unitree_go/msg/detail/bms_state__type_support_c.cpp.o[0m
[6.253s] [ 62%] [32mBuilding C object CMakeFiles/unitree_go__rosidl_typesupport_introspection_c.dir/rosidl_typesupport_introspection_c/unitree_go/msg/detail/sport_mode_state__type_support.c.o[0m
[6.259s] [ 62%] [32mBuilding C object CMakeFiles/unitree_go__rosidl_typesupport_introspection_c.dir/rosidl_typesupport_introspection_c/unitree_go/msg/detail/uwb_switch__type_support.c.o[0m
[6.262s] [ 63%] [32mBuilding C object CMakeFiles/unitree_go__rosidl_typesupport_introspection_c.dir/rosidl_typesupport_introspection_c/unitree_go/msg/detail/uwb_state__type_support.c.o[0m
[6.262s] [ 63%] [32mBuilding C object CMakeFiles/unitree_go__rosidl_typesupport_introspection_c.dir/rosidl_typesupport_introspection_c/unitree_go/msg/detail/time_spec__type_support.c.o[0m
[6.262s] [ 63%] [32mBuilding CXX object CMakeFiles/unitree_go__rosidl_typesupport_fastrtps_c.dir/rosidl_typesupport_fastrtps_c/unitree_go/msg/detail/go2_front_video_data__type_support_c.cpp.o[0m
[6.262s] [ 64%] [32mBuilding C object CMakeFiles/unitree_go__rosidl_typesupport_introspection_c.dir/rosidl_typesupport_introspection_c/unitree_go/msg/detail/wireless_controller__type_support.c.o[0m
[6.262s] [ 65%] [32mBuilding CXX object CMakeFiles/unitree_go__rosidl_typesupport_fastrtps_c.dir/rosidl_typesupport_fastrtps_c/unitree_go/msg/detail/error__type_support_c.cpp.o[0m
[6.262s] [ 65%] [32mBuilding CXX object CMakeFiles/unitree_go__rosidl_typesupport_fastrtps_c.dir/rosidl_typesupport_fastrtps_c/unitree_go/msg/detail/height_map__type_support_c.cpp.o[0m
[6.265s] [ 66%] [32mBuilding CXX object CMakeFiles/unitree_go__rosidl_typesupport_fastrtps_c.dir/rosidl_typesupport_fastrtps_c/unitree_go/msg/detail/imu_state__type_support_c.cpp.o[0m
[6.265s] [ 66%] [32mBuilding CXX object CMakeFiles/unitree_go__rosidl_typesupport_fastrtps_c.dir/rosidl_typesupport_fastrtps_c/unitree_go/msg/detail/interface_config__type_support_c.cpp.o[0m
[6.269s] [ 67%] [32mBuilding CXX object CMakeFiles/unitree_go__rosidl_typesupport_fastrtps_c.dir/rosidl_typesupport_fastrtps_c/unitree_go/msg/detail/lidar_state__type_support_c.cpp.o[0m
[6.276s] [ 67%] [32mBuilding CXX object CMakeFiles/unitree_go__rosidl_typesupport_fastrtps_c.dir/rosidl_typesupport_fastrtps_c/unitree_go/msg/detail/low_cmd__type_support_c.cpp.o[0m
[6.282s] [ 68%] [32mBuilding CXX object CMakeFiles/unitree_go__rosidl_typesupport_fastrtps_cpp.dir/rosidl_typesupport_fastrtps_cpp/unitree_go/msg/detail/dds_fastrtps/bms_cmd__type_support.cpp.o[0m
[6.283s] [ 69%] [32mBuilding CXX object CMakeFiles/unitree_go__rosidl_typesupport_fastrtps_c.dir/rosidl_typesupport_fastrtps_c/unitree_go/msg/detail/low_state__type_support_c.cpp.o[0m
[6.283s] [ 69%] [32mBuilding CXX object CMakeFiles/unitree_go__rosidl_typesupport_fastrtps_c.dir/rosidl_typesupport_fastrtps_c/unitree_go/msg/detail/motor_cmd__type_support_c.cpp.o[0m
[6.285s] [ 70%] [32mBuilding CXX object CMakeFiles/unitree_go__rosidl_typesupport_fastrtps_c.dir/rosidl_typesupport_fastrtps_c/unitree_go/msg/detail/motor_cmds__type_support_c.cpp.o[0m
[6.285s] [ 70%] [32mBuilding CXX object CMakeFiles/unitree_go__rosidl_typesupport_fastrtps_cpp.dir/rosidl_typesupport_fastrtps_cpp/unitree_go/msg/detail/dds_fastrtps/audio_data__type_support.cpp.o[0m
[6.285s] [ 70%] [32mBuilding CXX object CMakeFiles/unitree_go__rosidl_typesupport_fastrtps_cpp.dir/rosidl_typesupport_fastrtps_cpp/unitree_go/msg/detail/dds_fastrtps/bms_state__type_support.cpp.o[0m
[6.293s] [ 70%] [32mBuilding CXX object CMakeFiles/unitree_go__rosidl_typesupport_fastrtps_c.dir/rosidl_typesupport_fastrtps_c/unitree_go/msg/detail/motor_state__type_support_c.cpp.o[0m
[6.295s] [ 70%] [32mBuilding CXX object CMakeFiles/unitree_go__rosidl_typesupport_fastrtps_cpp.dir/rosidl_typesupport_fastrtps_cpp/unitree_go/msg/detail/dds_fastrtps/error__type_support.cpp.o[0m
[6.297s] [ 71%] [32mBuilding CXX object CMakeFiles/unitree_go__rosidl_typesupport_fastrtps_c.dir/rosidl_typesupport_fastrtps_c/unitree_go/msg/detail/motor_states__type_support_c.cpp.o[0m
[6.303s] [ 71%] [32mBuilding CXX object CMakeFiles/unitree_go__rosidl_typesupport_fastrtps_c.dir/rosidl_typesupport_fastrtps_c/unitree_go/msg/detail/path_point__type_support_c.cpp.o[0m
[6.308s] [ 72%] [32mBuilding CXX object CMakeFiles/unitree_go__rosidl_typesupport_fastrtps_c.dir/rosidl_typesupport_fastrtps_c/unitree_go/msg/detail/req__type_support_c.cpp.o[0m
[6.308s] [ 72%] [32mBuilding CXX object CMakeFiles/unitree_go__rosidl_typesupport_fastrtps_c.dir/rosidl_typesupport_fastrtps_c/unitree_go/msg/detail/res__type_support_c.cpp.o[0m
[6.308s] [ 73%] [32mBuilding CXX object CMakeFiles/unitree_go__rosidl_typesupport_fastrtps_cpp.dir/rosidl_typesupport_fastrtps_cpp/unitree_go/msg/detail/dds_fastrtps/go2_front_video_data__type_support.cpp.o[0m
[6.308s] [ 73%] [32mBuilding CXX object CMakeFiles/unitree_go__rosidl_typesupport_fastrtps_c.dir/rosidl_typesupport_fastrtps_c/unitree_go/msg/detail/sport_mode_cmd__type_support_c.cpp.o[0m
[6.344s] [ 74%] [32mBuilding CXX object CMakeFiles/unitree_go__rosidl_typesupport_fastrtps_c.dir/rosidl_typesupport_fastrtps_c/unitree_go/msg/detail/sport_mode_state__type_support_c.cpp.o[0m
[6.347s] [ 74%] [32mBuilding CXX object CMakeFiles/unitree_go__rosidl_typesupport_fastrtps_c.dir/rosidl_typesupport_fastrtps_c/unitree_go/msg/detail/time_spec__type_support_c.cpp.o[0m
[6.353s] [ 74%] [32m[1mLinking C shared library libunitree_go__rosidl_typesupport_introspection_c.so[0m
[6.353s] [ 74%] [32m[1mLinking CXX shared library libunitree_go__rosidl_typesupport_introspection_cpp.so[0m
[6.417s] [ 74%] Built target unitree_go__rosidl_typesupport_introspection_c
[6.440s] [ 74%] [32mBuilding CXX object CMakeFiles/unitree_go__rosidl_typesupport_fastrtps_cpp.dir/rosidl_typesupport_fastrtps_cpp/unitree_go/msg/detail/dds_fastrtps/height_map__type_support.cpp.o[0m
[6.534s] [ 74%] Built target unitree_go__rosidl_typesupport_introspection_cpp
[6.571s] [ 75%] [32mBuilding CXX object CMakeFiles/unitree_go__rosidl_typesupport_fastrtps_cpp.dir/rosidl_typesupport_fastrtps_cpp/unitree_go/msg/detail/dds_fastrtps/imu_state__type_support.cpp.o[0m
[6.649s] [ 75%] [32mBuilding CXX object CMakeFiles/unitree_go__rosidl_typesupport_fastrtps_cpp.dir/rosidl_typesupport_fastrtps_cpp/unitree_go/msg/detail/dds_fastrtps/interface_config__type_support.cpp.o[0m
[6.651s] [ 76%] [32mBuilding CXX object CMakeFiles/unitree_go__rosidl_typesupport_fastrtps_c.dir/rosidl_typesupport_fastrtps_c/unitree_go/msg/detail/uwb_state__type_support_c.cpp.o[0m
[6.661s] [ 76%] [32mBuilding CXX object CMakeFiles/unitree_go__rosidl_typesupport_fastrtps_c.dir/rosidl_typesupport_fastrtps_c/unitree_go/msg/detail/uwb_switch__type_support_c.cpp.o[0m
[6.666s] [ 76%] [32mBuilding CXX object CMakeFiles/unitree_go__rosidl_typesupport_fastrtps_cpp.dir/rosidl_typesupport_fastrtps_cpp/unitree_go/msg/detail/dds_fastrtps/low_cmd__type_support.cpp.o[0m
[6.666s] [ 77%] [32mBuilding CXX object CMakeFiles/unitree_go__rosidl_typesupport_fastrtps_cpp.dir/rosidl_typesupport_fastrtps_cpp/unitree_go/msg/detail/dds_fastrtps/lidar_state__type_support.cpp.o[0m
[6.682s] [ 78%] [32mBuilding CXX object CMakeFiles/unitree_go__rosidl_typesupport_fastrtps_c.dir/rosidl_typesupport_fastrtps_c/unitree_go/msg/detail/wireless_controller__type_support_c.cpp.o[0m
[6.683s] [ 79%] [32mBuilding CXX object CMakeFiles/unitree_go__rosidl_typesupport_fastrtps_cpp.dir/rosidl_typesupport_fastrtps_cpp/unitree_go/msg/detail/dds_fastrtps/low_state__type_support.cpp.o[0m
[6.685s] [ 79%] [32mBuilding CXX object CMakeFiles/unitree_go__rosidl_typesupport_fastrtps_cpp.dir/rosidl_typesupport_fastrtps_cpp/unitree_go/msg/detail/dds_fastrtps/motor_cmd__type_support.cpp.o[0m
[6.693s] [ 80%] [32mBuilding CXX object CMakeFiles/unitree_go__rosidl_typesupport_fastrtps_cpp.dir/rosidl_typesupport_fastrtps_cpp/unitree_go/msg/detail/dds_fastrtps/motor_state__type_support.cpp.o[0m
[6.693s] [ 80%] [32mBuilding CXX object CMakeFiles/unitree_go__rosidl_typesupport_fastrtps_cpp.dir/rosidl_typesupport_fastrtps_cpp/unitree_go/msg/detail/dds_fastrtps/motor_cmds__type_support.cpp.o[0m
[6.706s] [ 80%] [32mBuilding CXX object CMakeFiles/unitree_go__rosidl_typesupport_fastrtps_cpp.dir/rosidl_typesupport_fastrtps_cpp/unitree_go/msg/detail/dds_fastrtps/req__type_support.cpp.o[0m
[6.706s] [ 81%] [32mBuilding CXX object CMakeFiles/unitree_go__rosidl_typesupport_fastrtps_cpp.dir/rosidl_typesupport_fastrtps_cpp/unitree_go/msg/detail/dds_fastrtps/motor_states__type_support.cpp.o[0m
[6.713s] [ 81%] [32mBuilding CXX object CMakeFiles/unitree_go__rosidl_typesupport_fastrtps_cpp.dir/rosidl_typesupport_fastrtps_cpp/unitree_go/msg/detail/dds_fastrtps/path_point__type_support.cpp.o[0m
[6.714s] [ 82%] [32mBuilding CXX object CMakeFiles/unitree_go__rosidl_typesupport_fastrtps_cpp.dir/rosidl_typesupport_fastrtps_cpp/unitree_go/msg/detail/dds_fastrtps/res__type_support.cpp.o[0m
[6.744s] [ 82%] [32mBuilding CXX object CMakeFiles/unitree_go__rosidl_typesupport_fastrtps_cpp.dir/rosidl_typesupport_fastrtps_cpp/unitree_go/msg/detail/dds_fastrtps/sport_mode_cmd__type_support.cpp.o[0m
[6.748s] [ 83%] [32mBuilding CXX object CMakeFiles/unitree_go__rosidl_typesupport_fastrtps_cpp.dir/rosidl_typesupport_fastrtps_cpp/unitree_go/msg/detail/dds_fastrtps/sport_mode_state__type_support.cpp.o[0m
[6.754s] [ 83%] [32mBuilding CXX object CMakeFiles/unitree_go__rosidl_typesupport_fastrtps_cpp.dir/rosidl_typesupport_fastrtps_cpp/unitree_go/msg/detail/dds_fastrtps/time_spec__type_support.cpp.o[0m
[6.760s] [ 83%] [32mBuilding CXX object CMakeFiles/unitree_go__rosidl_typesupport_fastrtps_cpp.dir/rosidl_typesupport_fastrtps_cpp/unitree_go/msg/detail/dds_fastrtps/uwb_switch__type_support.cpp.o[0m
[6.760s] [ 84%] [32mBuilding CXX object CMakeFiles/unitree_go__rosidl_typesupport_fastrtps_cpp.dir/rosidl_typesupport_fastrtps_cpp/unitree_go/msg/detail/dds_fastrtps/uwb_state__type_support.cpp.o[0m
[6.789s] [ 85%] [32mBuilding CXX object CMakeFiles/unitree_go__rosidl_typesupport_fastrtps_cpp.dir/rosidl_typesupport_fastrtps_cpp/unitree_go/msg/detail/dds_fastrtps/wireless_controller__type_support.cpp.o[0m
[7.073s] [ 85%] [32m[1mLinking CXX shared library libunitree_go__rosidl_typesupport_fastrtps_c.so[0m
[7.136s] [ 85%] Built target unitree_go__rosidl_typesupport_fastrtps_c
[7.219s] [ 85%] [32m[1mLinking CXX shared library libunitree_go__rosidl_typesupport_fastrtps_cpp.so[0m
[7.294s] [ 85%] Built target unitree_go__rosidl_typesupport_fastrtps_cpp
[7.311s] [ 85%] Built target unitree_go
[7.329s] [ 86%] [34m[1mGenerating Python code for ROS interfaces[0m
[8.772s] [ 86%] Built target unitree_go__py
[8.788s] [ 87%] [32mBuilding C object CMakeFiles/unitree_go__rosidl_generator_py.dir/rosidl_generator_py/unitree_go/msg/_motor_cmds_s.c.o[0m
[8.788s] [ 87%] [32mBuilding C object CMakeFiles/unitree_go__rosidl_generator_py.dir/rosidl_generator_py/unitree_go/msg/_imu_state_s.c.o[0m
[8.788s] [ 89%] [32mBuilding C object CMakeFiles/unitree_go__rosidl_generator_py.dir/rosidl_generator_py/unitree_go/msg/_height_map_s.c.o[0m
[8.788s] [ 89%] [32mBuilding C object CMakeFiles/unitree_go__rosidl_generator_py.dir/rosidl_generator_py/unitree_go/msg/_low_state_s.c.o[0m
[8.788s] [ 89%] [32mBuilding C object CMakeFiles/unitree_go__rosidl_generator_py.dir/rosidl_generator_py/unitree_go/msg/_lidar_state_s.c.o[0m
[8.788s] [ 90%] [32mBuilding C object CMakeFiles/unitree_go__rosidl_generator_py.dir/rosidl_generator_py/unitree_go/msg/_interface_config_s.c.o[0m
[8.788s] [ 90%] [32mBuilding C object CMakeFiles/unitree_go__rosidl_generator_py.dir/rosidl_generator_py/unitree_go/msg/_audio_data_s.c.o[0m
[8.788s] [ 91%] [32mBuilding C object CMakeFiles/unitree_go__rosidl_generator_py.dir/rosidl_generator_py/unitree_go/msg/_bms_cmd_s.c.o[0m
[8.789s] [ 91%] [32mBuilding C object CMakeFiles/unitree_go__rosidl_generator_py.dir/rosidl_generator_py/unitree_go/msg/_bms_state_s.c.o[0m
[8.789s] [ 91%] [32mBuilding C object CMakeFiles/unitree_go__rosidl_generator_py.dir/rosidl_generator_py/unitree_go/msg/_go2_front_video_data_s.c.o[0m
[8.789s] [ 92%] [32mBuilding C object CMakeFiles/unitree_go__rosidl_generator_py.dir/rosidl_generator_py/unitree_go/msg/_error_s.c.o[0m
[8.789s] [ 93%] [32mBuilding C object CMakeFiles/unitree_go__rosidl_generator_py.dir/rosidl_generator_py/unitree_go/msg/_req_s.c.o[0m
[8.789s] [ 93%] [32mBuilding C object CMakeFiles/unitree_go__rosidl_generator_py.dir/rosidl_generator_py/unitree_go/msg/_low_cmd_s.c.o[0m
[8.790s] [ 93%] [32mBuilding C object CMakeFiles/unitree_go__rosidl_generator_py.dir/rosidl_generator_py/unitree_go/msg/_motor_cmd_s.c.o[0m
[8.790s] [ 93%] [32mBuilding C object CMakeFiles/unitree_go__rosidl_generator_py.dir/rosidl_generator_py/unitree_go/msg/_res_s.c.o[0m
[8.790s] [ 94%] [32mBuilding C object CMakeFiles/unitree_go__rosidl_generator_py.dir/rosidl_generator_py/unitree_go/msg/_sport_mode_cmd_s.c.o[0m
[8.790s] [ 94%] [32mBuilding C object CMakeFiles/unitree_go__rosidl_generator_py.dir/rosidl_generator_py/unitree_go/msg/_motor_state_s.c.o[0m
[8.790s] [ 95%] [32mBuilding C object CMakeFiles/unitree_go__rosidl_generator_py.dir/rosidl_generator_py/unitree_go/msg/_time_spec_s.c.o[0m
[8.790s] [ 95%] [32mBuilding C object CMakeFiles/unitree_go__rosidl_generator_py.dir/rosidl_generator_py/unitree_go/msg/_path_point_s.c.o[0m
[8.790s] [ 96%] [32mBuilding C object CMakeFiles/unitree_go__rosidl_generator_py.dir/rosidl_generator_py/unitree_go/msg/_motor_states_s.c.o[0m
[8.790s] [ 96%] [32mBuilding C object CMakeFiles/unitree_go__rosidl_generator_py.dir/rosidl_generator_py/unitree_go/msg/_uwb_state_s.c.o[0m
[8.790s] [ 96%] [32mBuilding C object CMakeFiles/unitree_go__rosidl_generator_py.dir/rosidl_generator_py/unitree_go/msg/_uwb_switch_s.c.o[0m
[8.791s] [ 96%] [32mBuilding C object CMakeFiles/unitree_go__rosidl_generator_py.dir/rosidl_generator_py/unitree_go/msg/_sport_mode_state_s.c.o[0m
[8.791s] [ 97%] [32mBuilding C object CMakeFiles/unitree_go__rosidl_generator_py.dir/rosidl_generator_py/unitree_go/msg/_wireless_controller_s.c.o[0m
[8.917s] [ 97%] [32m[1mLinking C shared library rosidl_generator_py/unitree_go/libunitree_go__rosidl_generator_py.so[0m
[8.950s] [ 97%] Built target unitree_go__rosidl_generator_py
[8.965s] [ 98%] [32mBuilding C object CMakeFiles/unitree_go__rosidl_typesupport_introspection_c__pyext.dir/rosidl_generator_py/unitree_go/_unitree_go_s.ep.rosidl_typesupport_introspection_c.c.o[0m
[8.965s] [100%] [32mBuilding C object CMakeFiles/unitree_go__rosidl_typesupport_fastrtps_c__pyext.dir/rosidl_generator_py/unitree_go/_unitree_go_s.ep.rosidl_typesupport_fastrtps_c.c.o[0m
[8.965s] [100%] [32mBuilding C object CMakeFiles/unitree_go__rosidl_typesupport_c__pyext.dir/rosidl_generator_py/unitree_go/_unitree_go_s.ep.rosidl_typesupport_c.c.o[0m
[9.053s] [100%] [32m[1mLinking C shared library rosidl_generator_py/unitree_go/unitree_go_s__rosidl_typesupport_introspection_c.cpython-310-x86_64-linux-gnu.so[0m
[9.053s] [100%] [32m[1mLinking C shared library rosidl_generator_py/unitree_go/unitree_go_s__rosidl_typesupport_c.cpython-310-x86_64-linux-gnu.so[0m
[9.056s] [100%] [32m[1mLinking C shared library rosidl_generator_py/unitree_go/unitree_go_s__rosidl_typesupport_fastrtps_c.cpython-310-x86_64-linux-gnu.so[0m
[9.077s] [100%] Built target unitree_go__rosidl_typesupport_c__pyext
[9.082s] [100%] Built target unitree_go__rosidl_typesupport_introspection_c__pyext
[9.082s] [100%] Built target unitree_go__rosidl_typesupport_fastrtps_c__pyext
[9.090s] Invoked command in '/home/robot/Hiking_deploy/unitree_ros2/cyclonedds_ws/build/unitree_go' returned '0': CMAKE_PREFIX_PATH=${CMAKE_PREFIX_PATH}:/home/robot/Documents/dev_ws/install/learning_urdf:/home/robot/Documents/dev_ws/install/learning_topic:/home/robot/Documents/dev_ws/install/learning_tf:/home/robot/Documents/dev_ws/install/learning_service:/home/robot/Documents/dev_ws/install/learning_qos:/home/robot/Documents/dev_ws/install/learning_pkg_python:/home/robot/Documents/dev_ws/install/learning_parameter:/home/robot/Documents/dev_ws/install/learning_node:/home/robot/Documents/dev_ws/install/learning_launch:/home/robot/Documents/dev_ws/install/learning_action:/home/robot/Documents/dev_ws/install/learning_gazebo_harmonic:/home/robot/Documents/dev_ws/install/learning_gazebo:/home/robot/Documents/dev_ws/install/learning_cv:/opt/ros/humble CONDA_PROMPT_MODIFIER=(base) PS1=(.venv) (base) \[\e]0;\u@\h: \w\a\]${debian_chroot:+($debian_chroot)}\[\033[01;32m\]\u@\h\[\033[00m\]:\[\033[01;34m\]\w\[\033[00m\]\$ /usr/bin/cmake --build /home/robot/Hiking_deploy/unitree_ros2/cyclonedds_ws/build/unitree_go -- -j28 -l28
[9.091s] Invoking command in '/home/robot/Hiking_deploy/unitree_ros2/cyclonedds_ws/build/unitree_go': CMAKE_PREFIX_PATH=${CMAKE_PREFIX_PATH}:/home/robot/Documents/dev_ws/install/learning_urdf:/home/robot/Documents/dev_ws/install/learning_topic:/home/robot/Documents/dev_ws/install/learning_tf:/home/robot/Documents/dev_ws/install/learning_service:/home/robot/Documents/dev_ws/install/learning_qos:/home/robot/Documents/dev_ws/install/learning_pkg_python:/home/robot/Documents/dev_ws/install/learning_parameter:/home/robot/Documents/dev_ws/install/learning_node:/home/robot/Documents/dev_ws/install/learning_launch:/home/robot/Documents/dev_ws/install/learning_action:/home/robot/Documents/dev_ws/install/learning_gazebo_harmonic:/home/robot/Documents/dev_ws/install/learning_gazebo:/home/robot/Documents/dev_ws/install/learning_cv:/opt/ros/humble CONDA_PROMPT_MODIFIER=(base) PS1=(.venv) (base) \[\e]0;\u@\h: \w\a\]${debian_chroot:+($debian_chroot)}\[\033[01;32m\]\u@\h\[\033[00m\]:\[\033[01;34m\]\w\[\033[00m\]\$ /usr/bin/cmake --install /home/robot/Hiking_deploy/unitree_ros2/cyclonedds_ws/build/unitree_go
[9.095s] -- Install configuration: ""
[9.095s] -- Installing: /home/robot/Hiking_deploy/unitree_ros2/cyclonedds_ws/install/unitree_go/share/ament_index/resource_index/rosidl_interfaces/unitree_go
[9.095s] -- Installing: /home/robot/Hiking_deploy/unitree_ros2/cyclonedds_ws/install/unitree_go/include/unitree_go/unitree_go
[9.095s] -- Installing: /home/robot/Hiking_deploy/unitree_ros2/cyclonedds_ws/install/unitree_go/include/unitree_go/unitree_go/msg
[9.095s] -- Installing: /home/robot/Hiking_deploy/unitree_ros2/cyclonedds_ws/install/unitree_go/include/unitree_go/unitree_go/msg/low_cmd.h
[9.095s] -- Installing: /home/robot/Hiking_deploy/unitree_ros2/cyclonedds_ws/install/unitree_go/include/unitree_go/unitree_go/msg/low_state.h
[9.095s] -- Installing: /home/robot/Hiking_deploy/unitree_ros2/cyclonedds_ws/install/unitree_go/include/unitree_go/unitree_go/msg/motor_cmds.h
[9.096s] -- Installing: /home/robot/Hiking_deploy/unitree_ros2/cyclonedds_ws/install/unitree_go/include/unitree_go/unitree_go/msg/height_map.h
[9.096s] -- Installing: /home/robot/Hiking_deploy/unitree_ros2/cyclonedds_ws/install/unitree_go/include/unitree_go/unitree_go/msg/time_spec.h
[9.096s] -- Installing: /home/robot/Hiking_deploy/unitree_ros2/cyclonedds_ws/install/unitree_go/include/unitree_go/unitree_go/msg/audio_data.h
[9.096s] -- Installing: /home/robot/Hiking_deploy/unitree_ros2/cyclonedds_ws/install/unitree_go/include/unitree_go/unitree_go/msg/sport_mode_state.h
[9.096s] -- Installing: /home/robot/Hiking_deploy/unitree_ros2/cyclonedds_ws/install/unitree_go/include/unitree_go/unitree_go/msg/imu_state.h
[9.096s] -- Installing: /home/robot/Hiking_deploy/unitree_ros2/cyclonedds_ws/install/unitree_go/include/unitree_go/unitree_go/msg/lidar_state.h
[9.096s] -- Installing: /home/robot/Hiking_deploy/unitree_ros2/cyclonedds_ws/install/unitree_go/include/unitree_go/unitree_go/msg/res.h
[9.096s] -- Installing: /home/robot/Hiking_deploy/unitree_ros2/cyclonedds_ws/install/unitree_go/include/unitree_go/unitree_go/msg/uwb_state.h
[9.096s] -- Installing: /home/robot/Hiking_deploy/unitree_ros2/cyclonedds_ws/install/unitree_go/include/unitree_go/unitree_go/msg/wireless_controller.h
[9.096s] -- Installing: /home/robot/Hiking_deploy/unitree_ros2/cyclonedds_ws/install/unitree_go/include/unitree_go/unitree_go/msg/bms_cmd.h
[9.096s] -- Installing: /home/robot/Hiking_deploy/unitree_ros2/cyclonedds_ws/install/unitree_go/include/unitree_go/unitree_go/msg/motor_state.h
[9.096s] -- Installing: /home/robot/Hiking_deploy/unitree_ros2/cyclonedds_ws/install/unitree_go/include/unitree_go/unitree_go/msg/rosidl_generator_c__visibility_control.h
[9.096s] -- Installing: /home/robot/Hiking_deploy/unitree_ros2/cyclonedds_ws/install/unitree_go/include/unitree_go/unitree_go/msg/bms_state.h
[9.096s] -- Installing: /home/robot/Hiking_deploy/unitree_ros2/cyclonedds_ws/install/unitree_go/include/unitree_go/unitree_go/msg/req.h
[9.097s] -- Installing: /home/robot/Hiking_deploy/unitree_ros2/cyclonedds_ws/install/unitree_go/include/unitree_go/unitree_go/msg/motor_states.h
[9.097s] -- Installing: /home/robot/Hiking_deploy/unitree_ros2/cyclonedds_ws/install/unitree_go/include/unitree_go/unitree_go/msg/interface_config.h
[9.097s] -- Installing: /home/robot/Hiking_deploy/unitree_ros2/cyclonedds_ws/install/unitree_go/include/unitree_go/unitree_go/msg/path_point.h
[9.097s] -- Installing: /home/robot/Hiking_deploy/unitree_ros2/cyclonedds_ws/install/unitree_go/include/unitree_go/unitree_go/msg/error.h
[9.097s] -- Installing: /home/robot/Hiking_deploy/unitree_ros2/cyclonedds_ws/install/unitree_go/include/unitree_go/unitree_go/msg/sport_mode_cmd.h
[9.097s] -- Installing: /home/robot/Hiking_deploy/unitree_ros2/cyclonedds_ws/install/unitree_go/include/unitree_go/unitree_go/msg/motor_cmd.h
[9.097s] -- Installing: /home/robot/Hiking_deploy/unitree_ros2/cyclonedds_ws/install/unitree_go/include/unitree_go/unitree_go/msg/uwb_switch.h
[9.097s] -- Installing: /home/robot/Hiking_deploy/unitree_ros2/cyclonedds_ws/install/unitree_go/include/unitree_go/unitree_go/msg/detail
[9.097s] -- Installing: /home/robot/Hiking_deploy/unitree_ros2/cyclonedds_ws/install/unitree_go/include/unitree_go/unitree_go/msg/detail/interface_config__struct.h
[9.097s] -- Installing: /home/robot/Hiking_deploy/unitree_ros2/cyclonedds_ws/install/unitree_go/include/unitree_go/unitree_go/msg/detail/sport_mode_cmd__struct.h
[9.097s] -- Installing: /home/robot/Hiking_deploy/unitree_ros2/cyclonedds_ws/install/unitree_go/include/unitree_go/unitree_go/msg/detail/motor_states__type_support.h
[9.097s] -- Installing: /home/robot/Hiking_deploy/unitree_ros2/cyclonedds_ws/install/unitree_go/include/unitree_go/unitree_go/msg/detail/motor_cmd__type_support.h
[9.097s] -- Installing: /home/robot/Hiking_deploy/unitree_ros2/cyclonedds_ws/install/unitree_go/include/unitree_go/unitree_go/msg/detail/time_spec__functions.h
[9.097s] -- Installing: /home/robot/Hiking_deploy/unitree_ros2/cyclonedds_ws/install/unitree_go/include/unitree_go/unitree_go/msg/detail/req__functions.h
[9.097s] -- Installing: /home/robot/Hiking_deploy/unitree_ros2/cyclonedds_ws/install/unitree_go/include/unitree_go/unitree_go/msg/detail/bms_state__functions.h
[9.097s] -- Installing: /home/robot/Hiking_deploy/unitree_ros2/cyclonedds_ws/install/unitree_go/include/unitree_go/unitree_go/msg/detail/bms_cmd__functions.h
[9.098s] -- Installing: /home/robot/Hiking_deploy/unitree_ros2/cyclonedds_ws/install/unitree_go/include/unitree_go/unitree_go/msg/detail/motor_cmd__functions.c
[9.098s] -- Installing: /home/robot/Hiking_deploy/unitree_ros2/cyclonedds_ws/install/unitree_go/include/unitree_go/unitree_go/msg/detail/bms_cmd__type_support.h
[9.098s] -- Installing: /home/robot/Hiking_deploy/unitree_ros2/cyclonedds_ws/install/unitree_go/include/unitree_go/unitree_go/msg/detail/motor_states__struct.h
[9.098s] -- Installing: /home/robot/Hiking_deploy/unitree_ros2/cyclonedds_ws/install/unitree_go/include/unitree_go/unitree_go/msg/detail/uwb_state__functions.h
[9.098s] -- Installing: /home/robot/Hiking_deploy/unitree_ros2/cyclonedds_ws/install/unitree_go/include/unitree_go/unitree_go/msg/detail/height_map__type_support.h
[9.098s] -- Installing: /home/robot/Hiking_deploy/unitree_ros2/cyclonedds_ws/install/unitree_go/include/unitree_go/unitree_go/msg/detail/low_state__struct.h
[9.098s] -- Installing: /home/robot/Hiking_deploy/unitree_ros2/cyclonedds_ws/install/unitree_go/include/unitree_go/unitree_go/msg/detail/audio_data__type_support.h
[9.098s] -- Installing: /home/robot/Hiking_deploy/unitree_ros2/cyclonedds_ws/install/unitree_go/include/unitree_go/unitree_go/msg/detail/sport_mode_state__struct.h
[9.098s] -- Installing: /home/robot/Hiking_deploy/unitree_ros2/cyclonedds_ws/install/unitree_go/include/unitree_go/unitree_go/msg/detail/error__functions.h
[9.098s] -- Installing: /home/robot/Hiking_deploy/unitree_ros2/cyclonedds_ws/install/unitree_go/include/unitree_go/unitree_go/msg/detail/res__functions.c
[9.098s] -- Installing: /home/robot/Hiking_deploy/unitree_ros2/cyclonedds_ws/install/unitree_go/include/unitree_go/unitree_go/msg/detail/motor_cmds__functions.h
[9.098s] -- Installing: /home/robot/Hiking_deploy/unitree_ros2/cyclonedds_ws/install/unitree_go/include/unitree_go/unitree_go/msg/detail/bms_state__struct.h
[9.098s] -- Installing: /home/robot/Hiking_deploy/unitree_ros2/cyclonedds_ws/install/unitree_go/include/unitree_go/unitree_go/msg/detail/motor_cmds__functions.c
[9.098s] -- Installing: /home/robot/Hiking_deploy/unitree_ros2/cyclonedds_ws/install/unitree_go/include/unitree_go/unitree_go/msg/detail/lidar_state__functions.c
[9.098s] -- Installing: /home/robot/Hiking_deploy/unitree_ros2/cyclonedds_ws/install/unitree_go/include/unitree_go/unitree_go/msg/detail/error__struct.h
[9.099s] -- Installing: /home/robot/Hiking_deploy/unitree_ros2/cyclonedds_ws/install/unitree_go/include/unitree_go/unitree_go/msg/detail/sport_mode_cmd__functions.c
[9.099s] -- Installing: /home/robot/Hiking_deploy/unitree_ros2/cyclonedds_ws/install/unitree_go/include/unitree_go/unitree_go/msg/detail/req__type_support.h
[9.099s] -- Installing: /home/robot/Hiking_deploy/unitree_ros2/cyclonedds_ws/install/unitree_go/include/unitree_go/unitree_go/msg/detail/lidar_state__functions.h
[9.099s] -- Installing: /home/robot/Hiking_deploy/unitree_ros2/cyclonedds_ws/install/unitree_go/include/unitree_go/unitree_go/msg/detail/path_point__functions.h
[9.099s] -- Installing: /home/robot/Hiking_deploy/unitree_ros2/cyclonedds_ws/install/unitree_go/include/unitree_go/unitree_go/msg/detail/low_cmd__type_support.h
[9.099s] -- Installing: /home/robot/Hiking_deploy/unitree_ros2/cyclonedds_ws/install/unitree_go/include/unitree_go/unitree_go/msg/detail/imu_state__functions.h
[9.099s] -- Installing: /home/robot/Hiking_deploy/unitree_ros2/cyclonedds_ws/install/unitree_go/include/unitree_go/unitree_go/msg/detail/sport_mode_state__type_support.h
[9.099s] -- Installing: /home/robot/Hiking_deploy/unitree_ros2/cyclonedds_ws/install/unitree_go/include/unitree_go/unitree_go/msg/detail/imu_state__struct.h
[9.099s] -- Installing: /home/robot/Hiking_deploy/unitree_ros2/cyclonedds_ws/install/unitree_go/include/unitree_go/unitree_go/msg/detail/go2_front_video_data__type_support.h
[9.099s] -- Installing: /home/robot/Hiking_deploy/unitree_ros2/cyclonedds_ws/install/unitree_go/include/unitree_go/unitree_go/msg/detail/uwb_switch__functions.c
[9.099s] -- Installing: /home/robot/Hiking_deploy/unitree_ros2/cyclonedds_ws/install/unitree_go/include/unitree_go/unitree_go/msg/detail/res__type_support.h
[9.099s] -- Installing: /home/robot/Hiking_deploy/unitree_ros2/cyclonedds_ws/install/unitree_go/include/unitree_go/unitree_go/msg/detail/interface_config__functions.c
[9.100s] -- Installing: /home/robot/Hiking_deploy/unitree_ros2/cyclonedds_ws/install/unitree_go/include/unitree_go/unitree_go/msg/detail/sport_mode_cmd__functions.h
[9.100s] -- Installing: /home/robot/Hiking_deploy/unitree_ros2/cyclonedds_ws/install/unitree_go/include/unitree_go/unitree_go/msg/detail/error__type_support.h
[9.100s] -- Installing: /home/robot/Hiking_deploy/unitree_ros2/cyclonedds_ws/install/unitree_go/include/unitree_go/unitree_go/msg/detail/lidar_state__type_support.h
[9.100s] -- Installing: /home/robot/Hiking_deploy/unitree_ros2/cyclonedds_ws/install/unitree_go/include/unitree_go/unitree_go/msg/detail/uwb_switch__functions.h
[9.100s] -- Installing: /home/robot/Hiking_deploy/unitree_ros2/cyclonedds_ws/install/unitree_go/include/unitree_go/unitree_go/msg/detail/go2_front_video_data__functions.h
[9.100s] -- Installing: /home/robot/Hiking_deploy/unitree_ros2/cyclonedds_ws/install/unitree_go/include/unitree_go/unitree_go/msg/detail/bms_cmd__struct.h
[9.100s] -- Installing: /home/robot/Hiking_deploy/unitree_ros2/cyclonedds_ws/install/unitree_go/include/unitree_go/unitree_go/msg/detail/audio_data__functions.h
[9.100s] -- Installing: /home/robot/Hiking_deploy/unitree_ros2/cyclonedds_ws/install/unitree_go/include/unitree_go/unitree_go/msg/detail/sport_mode_state__functions.h
[9.100s] -- Installing: /home/robot/Hiking_deploy/unitree_ros2/cyclonedds_ws/install/unitree_go/include/unitree_go/unitree_go/msg/detail/wireless_controller__type_support.h
[9.100s] -- Installing: /home/robot/Hiking_deploy/unitree_ros2/cyclonedds_ws/install/unitree_go/include/unitree_go/unitree_go/msg/detail/time_spec__struct.h
[9.100s] -- Installing: /home/robot/Hiking_deploy/unitree_ros2/cyclonedds_ws/install/unitree_go/include/unitree_go/unitree_go/msg/detail/motor_state__functions.h
[9.100s] -- Installing: /home/robot/Hiking_deploy/unitree_ros2/cyclonedds_ws/install/unitree_go/include/unitree_go/unitree_go/msg/detail/imu_state__type_support.h
[9.100s] -- Installing: /home/robot/Hiking_deploy/unitree_ros2/cyclonedds_ws/install/unitree_go/include/unitree_go/unitree_go/msg/detail/bms_cmd__functions.c
[9.100s] -- Installing: /home/robot/Hiking_deploy/unitree_ros2/cyclonedds_ws/install/unitree_go/include/unitree_go/unitree_go/msg/detail/time_spec__functions.c
[9.100s] -- Installing: /home/robot/Hiking_deploy/unitree_ros2/cyclonedds_ws/install/unitree_go/include/unitree_go/unitree_go/msg/detail/imu_state__functions.c
[9.100s] -- Installing: /home/robot/Hiking_deploy/unitree_ros2/cyclonedds_ws/install/unitree_go/include/unitree_go/unitree_go/msg/detail/low_cmd__functions.h
[9.100s] -- Installing: /home/robot/Hiking_deploy/unitree_ros2/cyclonedds_ws/install/unitree_go/include/unitree_go/unitree_go/msg/detail/bms_state__functions.c
[9.100s] -- Installing: /home/robot/Hiking_deploy/unitree_ros2/cyclonedds_ws/install/unitree_go/include/unitree_go/unitree_go/msg/detail/wireless_controller__functions.c
[9.100s] -- Installing: /home/robot/Hiking_deploy/unitree_ros2/cyclonedds_ws/install/unitree_go/include/unitree_go/unitree_go/msg/detail/uwb_state__struct.h
[9.100s] -- Installing: /home/robot/Hiking_deploy/unitree_ros2/cyclonedds_ws/install/unitree_go/include/unitree_go/unitree_go/msg/detail/req__struct.h
[9.100s] -- Installing: /home/robot/Hiking_deploy/unitree_ros2/cyclonedds_ws/install/unitree_go/include/unitree_go/unitree_go/msg/detail/res__struct.h
[9.100s] -- Installing: /home/robot/Hiking_deploy/unitree_ros2/cyclonedds_ws/install/unitree_go/include/unitree_go/unitree_go/msg/detail/time_spec__type_support.h
[9.100s] -- Installing: /home/robot/Hiking_deploy/unitree_ros2/cyclonedds_ws/install/unitree_go/include/unitree_go/unitree_go/msg/detail/uwb_switch__struct.h
[9.100s] -- Installing: /home/robot/Hiking_deploy/unitree_ros2/cyclonedds_ws/install/unitree_go/include/unitree_go/unitree_go/msg/detail/path_point__struct.h
[9.100s] -- Installing: /home/robot/Hiking_deploy/unitree_ros2/cyclonedds_ws/install/unitree_go/include/unitree_go/unitree_go/msg/detail/req__functions.c
[9.100s] -- Installing: /home/robot/Hiking_deploy/unitree_ros2/cyclonedds_ws/install/unitree_go/include/unitree_go/unitree_go/msg/detail/uwb_switch__type_support.h
[9.100s] -- Installing: /home/robot/Hiking_deploy/unitree_ros2/cyclonedds_ws/install/unitree_go/include/unitree_go/unitree_go/msg/detail/low_state__functions.h
[9.100s] -- Installing: /home/robot/Hiking_deploy/unitree_ros2/cyclonedds_ws/install/unitree_go/include/unitree_go/unitree_go/msg/detail/motor_state__type_support.h
[9.100s] -- Installing: /home/robot/Hiking_deploy/unitree_ros2/cyclonedds_ws/install/unitree_go/include/unitree_go/unitree_go/msg/detail/sport_mode_cmd__type_support.h
[9.100s] -- Installing: /home/robot/Hiking_deploy/unitree_ros2/cyclonedds_ws/install/unitree_go/include/unitree_go/unitree_go/msg/detail/low_cmd__functions.c
[9.100s] -- Installing: /home/robot/Hiking_deploy/unitree_ros2/cyclonedds_ws/install/unitree_go/include/unitree_go/unitree_go/msg/detail/path_point__type_support.h
[9.100s] -- Installing: /home/robot/Hiking_deploy/unitree_ros2/cyclonedds_ws/install/unitree_go/include/unitree_go/unitree_go/msg/detail/low_state__functions.c
[9.101s] -- Installing: /home/robot/Hiking_deploy/unitree_ros2/cyclonedds_ws/install/unitree_go/include/unitree_go/unitree_go/msg/detail/motor_cmd__struct.h
[9.101s] -- Installing: /home/robot/Hiking_deploy/unitree_ros2/cyclonedds_ws/install/unitree_go/include/unitree_go/unitree_go/msg/detail/motor_state__struct.h
[9.101s] -- Installing: /home/robot/Hiking_deploy/unitree_ros2/cyclonedds_ws/install/unitree_go/include/unitree_go/unitree_go/msg/detail/wireless_controller__functions.h
[9.101s] -- Installing: /home/robot/Hiking_deploy/unitree_ros2/cyclonedds_ws/install/unitree_go/include/unitree_go/unitree_go/msg/detail/motor_cmd__functions.h
[9.101s] -- Installing: /home/robot/Hiking_deploy/unitree_ros2/cyclonedds_ws/install/unitree_go/include/unitree_go/unitree_go/msg/detail/low_state__type_support.h
[9.101s] -- Installing: /home/robot/Hiking_deploy/unitree_ros2/cyclonedds_ws/install/unitree_go/include/unitree_go/unitree_go/msg/detail/error__functions.c
[9.101s] -- Installing: /home/robot/Hiking_deploy/unitree_ros2/cyclonedds_ws/install/unitree_go/include/unitree_go/unitree_go/msg/detail/path_point__functions.c
[9.101s] -- Installing: /home/robot/Hiking_deploy/unitree_ros2/cyclonedds_ws/install/unitree_go/include/unitree_go/unitree_go/msg/detail/go2_front_video_data__functions.c
[9.101s] -- Installing: /home/robot/Hiking_deploy/unitree_ros2/cyclonedds_ws/install/unitree_go/include/unitree_go/unitree_go/msg/detail/interface_config__type_support.h
[9.101s] -- Installing: /home/robot/Hiking_deploy/unitree_ros2/cyclonedds_ws/install/unitree_go/include/unitree_go/unitree_go/msg/detail/lidar_state__struct.h
[9.101s] -- Installing: /home/robot/Hiking_deploy/unitree_ros2/cyclonedds_ws/install/unitree_go/include/unitree_go/unitree_go/msg/detail/low_cmd__struct.h
[9.101s] -- Installing: /home/robot/Hiking_deploy/unitree_ros2/cyclonedds_ws/install/unitree_go/include/unitree_go/unitree_go/msg/detail/motor_states__functions.c
[9.101s] -- Installing: /home/robot/Hiking_deploy/unitree_ros2/cyclonedds_ws/install/unitree_go/include/unitree_go/unitree_go/msg/detail/wireless_controller__struct.h
[9.101s] -- Installing: /home/robot/Hiking_deploy/unitree_ros2/cyclonedds_ws/install/unitree_go/include/unitree_go/unitree_go/msg/detail/height_map__functions.c
[9.101s] -- Installing: /home/robot/Hiking_deploy/unitree_ros2/cyclonedds_ws/install/unitree_go/include/unitree_go/unitree_go/msg/detail/bms_state__type_support.h
[9.101s] -- Installing: /home/robot/Hiking_deploy/unitree_ros2/cyclonedds_ws/install/unitree_go/include/unitree_go/unitree_go/msg/detail/uwb_state__functions.c
[9.101s] -- Installing: /home/robot/Hiking_deploy/unitree_ros2/cyclonedds_ws/install/unitree_go/include/unitree_go/unitree_go/msg/detail/height_map__struct.h
[9.101s] -- Installing: /home/robot/Hiking_deploy/unitree_ros2/cyclonedds_ws/install/unitree_go/include/unitree_go/unitree_go/msg/detail/go2_front_video_data__struct.h
[9.101s] -- Installing: /home/robot/Hiking_deploy/unitree_ros2/cyclonedds_ws/install/unitree_go/include/unitree_go/unitree_go/msg/detail/audio_data__struct.h
[9.101s] -- Installing: /home/robot/Hiking_deploy/unitree_ros2/cyclonedds_ws/install/unitree_go/include/unitree_go/unitree_go/msg/detail/motor_cmds__type_support.h
[9.101s] -- Installing: /home/robot/Hiking_deploy/unitree_ros2/cyclonedds_ws/install/unitree_go/include/unitree_go/unitree_go/msg/detail/motor_cmds__struct.h
[9.101s] -- Installing: /home/robot/Hiking_deploy/unitree_ros2/cyclonedds_ws/install/unitree_go/include/unitree_go/unitree_go/msg/detail/height_map__functions.h
[9.101s] -- Installing: /home/robot/Hiking_deploy/unitree_ros2/cyclonedds_ws/install/unitree_go/include/unitree_go/unitree_go/msg/detail/motor_states__functions.h
[9.101s] -- Installing: /home/robot/Hiking_deploy/unitree_ros2/cyclonedds_ws/install/unitree_go/include/unitree_go/unitree_go/msg/detail/audio_data__functions.c
[9.101s] -- Installing: /home/robot/Hiking_deploy/unitree_ros2/cyclonedds_ws/install/unitree_go/include/unitree_go/unitree_go/msg/detail/uwb_state__type_support.h
[9.101s] -- Installing: /home/robot/Hiking_deploy/unitree_ros2/cyclonedds_ws/install/unitree_go/include/unitree_go/unitree_go/msg/detail/res__functions.h
[9.101s] -- Installing: /home/robot/Hiking_deploy/unitree_ros2/cyclonedds_ws/install/unitree_go/include/unitree_go/unitree_go/msg/detail/motor_state__functions.c
[9.101s] -- Installing: /home/robot/Hiking_deploy/unitree_ros2/cyclonedds_ws/install/unitree_go/include/unitree_go/unitree_go/msg/detail/interface_config__functions.h
[9.101s] -- Installing: /home/robot/Hiking_deploy/unitree_ros2/cyclonedds_ws/install/unitree_go/include/unitree_go/unitree_go/msg/detail/sport_mode_state__functions.c
[9.101s] -- Installing: /home/robot/Hiking_deploy/unitree_ros2/cyclonedds_ws/install/unitree_go/include/unitree_go/unitree_go/msg/go2_front_video_data.h
[9.101s] -- Installing: /home/robot/Hiking_deploy/unitree_ros2/cyclonedds_ws/install/unitree_go/share/unitree_go/environment/library_path.sh
[9.101s] -- Installing: /home/robot/Hiking_deploy/unitree_ros2/cyclonedds_ws/install/unitree_go/share/unitree_go/environment/library_path.dsv
[9.101s] -- Installing: /home/robot/Hiking_deploy/unitree_ros2/cyclonedds_ws/install/unitree_go/lib/libunitree_go__rosidl_generator_c.so
[9.101s] -- Set runtime path of "/home/robot/Hiking_deploy/unitree_ros2/cyclonedds_ws/install/unitree_go/lib/libunitree_go__rosidl_generator_c.so" to ""
[9.101s] -- Up-to-date: /home/robot/Hiking_deploy/unitree_ros2/cyclonedds_ws/install/unitree_go/include/unitree_go/unitree_go
[9.101s] -- Up-to-date: /home/robot/Hiking_deploy/unitree_ros2/cyclonedds_ws/install/unitree_go/include/unitree_go/unitree_go/msg
[9.101s] -- Up-to-date: /home/robot/Hiking_deploy/unitree_ros2/cyclonedds_ws/install/unitree_go/include/unitree_go/unitree_go/msg/detail
[9.101s] -- Installing: /home/robot/Hiking_deploy/unitree_ros2/cyclonedds_ws/install/unitree_go/include/unitree_go/unitree_go/msg/detail/wireless_controller__rosidl_typesupport_fastrtps_c.h
[9.101s] -- Installing: /home/robot/Hiking_deploy/unitree_ros2/cyclonedds_ws/install/unitree_go/include/unitree_go/unitree_go/msg/detail/lidar_state__rosidl_typesupport_fastrtps_c.h
[9.101s] -- Installing: /home/robot/Hiking_deploy/unitree_ros2/cyclonedds_ws/install/unitree_go/include/unitree_go/unitree_go/msg/detail/error__rosidl_typesupport_fastrtps_c.h
[9.102s] -- Installing: /home/robot/Hiking_deploy/unitree_ros2/cyclonedds_ws/install/unitree_go/include/unitree_go/unitree_go/msg/detail/res__rosidl_typesupport_fastrtps_c.h
[9.102s] -- Installing: /home/robot/Hiking_deploy/unitree_ros2/cyclonedds_ws/install/unitree_go/include/unitree_go/unitree_go/msg/detail/path_point__rosidl_typesupport_fastrtps_c.h
[9.102s] -- Installing: /home/robot/Hiking_deploy/unitree_ros2/cyclonedds_ws/install/unitree_go/include/unitree_go/unitree_go/msg/detail/audio_data__rosidl_typesupport_fastrtps_c.h
[9.102s] -- Installing: /home/robot/Hiking_deploy/unitree_ros2/cyclonedds_ws/install/unitree_go/include/unitree_go/unitree_go/msg/detail/bms_state__rosidl_typesupport_fastrtps_c.h
[9.102s] -- Installing: /home/robot/Hiking_deploy/unitree_ros2/cyclonedds_ws/install/unitree_go/include/unitree_go/unitree_go/msg/detail/req__rosidl_typesupport_fastrtps_c.h
[9.102s] -- Installing: /home/robot/Hiking_deploy/unitree_ros2/cyclonedds_ws/install/unitree_go/include/unitree_go/unitree_go/msg/detail/motor_cmds__rosidl_typesupport_fastrtps_c.h
[9.102s] -- Installing: /home/robot/Hiking_deploy/unitree_ros2/cyclonedds_ws/install/unitree_go/include/unitree_go/unitree_go/msg/detail/time_spec__rosidl_typesupport_fastrtps_c.h
[9.102s] -- Installing: /home/robot/Hiking_deploy/unitree_ros2/cyclonedds_ws/install/unitree_go/include/unitree_go/unitree_go/msg/detail/sport_mode_state__rosidl_typesupport_fastrtps_c.h
[9.102s] -- Installing: /home/robot/Hiking_deploy/unitree_ros2/cyclonedds_ws/install/unitree_go/include/unitree_go/unitree_go/msg/detail/go2_front_video_data__rosidl_typesupport_fastrtps_c.h
[9.102s] -- Installing: /home/robot/Hiking_deploy/unitree_ros2/cyclonedds_ws/install/unitree_go/include/unitree_go/unitree_go/msg/detail/height_map__rosidl_typesupport_fastrtps_c.h
[9.102s] -- Installing: /home/robot/Hiking_deploy/unitree_ros2/cyclonedds_ws/install/unitree_go/include/unitree_go/unitree_go/msg/detail/low_cmd__rosidl_typesupport_fastrtps_c.h
[9.102s] -- Installing: /home/robot/Hiking_deploy/unitree_ros2/cyclonedds_ws/install/unitree_go/include/unitree_go/unitree_go/msg/detail/sport_mode_cmd__rosidl_typesupport_fastrtps_c.h
[9.102s] -- Installing: /home/robot/Hiking_deploy/unitree_ros2/cyclonedds_ws/install/unitree_go/include/unitree_go/unitree_go/msg/detail/imu_state__rosidl_typesupport_fastrtps_c.h
[9.102s] -- Installing: /home/robot/Hiking_deploy/unitree_ros2/cyclonedds_ws/install/unitree_go/include/unitree_go/unitree_go/msg/detail/motor_states__rosidl_typesupport_fastrtps_c.h
[9.102s] -- Installing: /home/robot/Hiking_deploy/unitree_ros2/cyclonedds_ws/install/unitree_go/include/unitree_go/unitree_go/msg/detail/uwb_state__rosidl_typesupport_fastrtps_c.h
[9.102s] -- Installing: /home/robot/Hiking_deploy/unitree_ros2/cyclonedds_ws/install/unitree_go/include/unitree_go/unitree_go/msg/detail/interface_config__rosidl_typesupport_fastrtps_c.h
[9.102s] -- Installing: /home/robot/Hiking_deploy/unitree_ros2/cyclonedds_ws/install/unitree_go/include/unitree_go/unitree_go/msg/detail/uwb_switch__rosidl_typesupport_fastrtps_c.h
[9.102s] -- Installing: /home/robot/Hiking_deploy/unitree_ros2/cyclonedds_ws/install/unitree_go/include/unitree_go/unitree_go/msg/detail/bms_cmd__rosidl_typesupport_fastrtps_c.h
[9.102s] -- Installing: /home/robot/Hiking_deploy/unitree_ros2/cyclonedds_ws/install/unitree_go/include/unitree_go/unitree_go/msg/detail/low_state__rosidl_typesupport_fastrtps_c.h
[9.102s] -- Installing: /home/robot/Hiking_deploy/unitree_ros2/cyclonedds_ws/install/unitree_go/include/unitree_go/unitree_go/msg/detail/motor_cmd__rosidl_typesupport_fastrtps_c.h
[9.102s] -- Installing: /home/robot/Hiking_deploy/unitree_ros2/cyclonedds_ws/install/unitree_go/include/unitree_go/unitree_go/msg/detail/motor_state__rosidl_typesupport_fastrtps_c.h
[9.102s] -- Installing: /home/robot/Hiking_deploy/unitree_ros2/cyclonedds_ws/install/unitree_go/include/unitree_go/unitree_go/msg/rosidl_typesupport_fastrtps_c__visibility_control.h
[9.102s] -- Installing: /home/robot/Hiking_deploy/unitree_ros2/cyclonedds_ws/install/unitree_go/lib/libunitree_go__rosidl_typesupport_fastrtps_c.so
[9.102s] -- Set runtime path of "/home/robot/Hiking_deploy/unitree_ros2/cyclonedds_ws/install/unitree_go/lib/libunitree_go__rosidl_typesupport_fastrtps_c.so" to ""
[9.102s] -- Up-to-date: /home/robot/Hiking_deploy/unitree_ros2/cyclonedds_ws/install/unitree_go/include/unitree_go/unitree_go
[9.102s] -- Up-to-date: /home/robot/Hiking_deploy/unitree_ros2/cyclonedds_ws/install/unitree_go/include/unitree_go/unitree_go/msg
[9.102s] -- Installing: /home/robot/Hiking_deploy/unitree_ros2/cyclonedds_ws/install/unitree_go/include/unitree_go/unitree_go/msg/rosidl_generator_cpp__visibility_control.hpp
[9.102s] -- Installing: /home/robot/Hiking_deploy/unitree_ros2/cyclonedds_ws/install/unitree_go/include/unitree_go/unitree_go/msg/wireless_controller.hpp
[9.102s] -- Installing: /home/robot/Hiking_deploy/unitree_ros2/cyclonedds_ws/install/unitree_go/include/unitree_go/unitree_go/msg/bms_state.hpp
[9.102s] -- Installing: /home/robot/Hiking_deploy/unitree_ros2/cyclonedds_ws/install/unitree_go/include/unitree_go/unitree_go/msg/res.hpp
[9.102s] -- Installing: /home/robot/Hiking_deploy/unitree_ros2/cyclonedds_ws/install/unitree_go/include/unitree_go/unitree_go/msg/error.hpp
[9.102s] -- Installing: /home/robot/Hiking_deploy/unitree_ros2/cyclonedds_ws/install/unitree_go/include/unitree_go/unitree_go/msg/height_map.hpp
[9.102s] -- Installing: /home/robot/Hiking_deploy/unitree_ros2/cyclonedds_ws/install/unitree_go/include/unitree_go/unitree_go/msg/interface_config.hpp
[9.102s] -- Installing: /home/robot/Hiking_deploy/unitree_ros2/cyclonedds_ws/install/unitree_go/include/unitree_go/unitree_go/msg/uwb_switch.hpp
[9.102s] -- Installing: /home/robot/Hiking_deploy/unitree_ros2/cyclonedds_ws/install/unitree_go/include/unitree_go/unitree_go/msg/motor_states.hpp
[9.102s] -- Installing: /home/robot/Hiking_deploy/unitree_ros2/cyclonedds_ws/install/unitree_go/include/unitree_go/unitree_go/msg/sport_mode_cmd.hpp
[9.102s] -- Installing: /home/robot/Hiking_deploy/unitree_ros2/cyclonedds_ws/install/unitree_go/include/unitree_go/unitree_go/msg/motor_state.hpp
[9.102s] -- Installing: /home/robot/Hiking_deploy/unitree_ros2/cyclonedds_ws/install/unitree_go/include/unitree_go/unitree_go/msg/bms_cmd.hpp
[9.102s] -- Installing: /home/robot/Hiking_deploy/unitree_ros2/cyclonedds_ws/install/unitree_go/include/unitree_go/unitree_go/msg/low_cmd.hpp
[9.102s] -- Installing: /home/robot/Hiking_deploy/unitree_ros2/cyclonedds_ws/install/unitree_go/include/unitree_go/unitree_go/msg/motor_cmd.hpp
[9.102s] -- Installing: /home/robot/Hiking_deploy/unitree_ros2/cyclonedds_ws/install/unitree_go/include/unitree_go/unitree_go/msg/lidar_state.hpp
[9.102s] -- Installing: /home/robot/Hiking_deploy/unitree_ros2/cyclonedds_ws/install/unitree_go/include/unitree_go/unitree_go/msg/audio_data.hpp
[9.103s] -- Installing: /home/robot/Hiking_deploy/unitree_ros2/cyclonedds_ws/install/unitree_go/include/unitree_go/unitree_go/msg/imu_state.hpp
[9.103s] -- Installing: /home/robot/Hiking_deploy/unitree_ros2/cyclonedds_ws/install/unitree_go/include/unitree_go/unitree_go/msg/go2_front_video_data.hpp
[9.103s] -- Installing: /home/robot/Hiking_deploy/unitree_ros2/cyclonedds_ws/install/unitree_go/include/unitree_go/unitree_go/msg/uwb_state.hpp
[9.103s] -- Installing: /home/robot/Hiking_deploy/unitree_ros2/cyclonedds_ws/install/unitree_go/include/unitree_go/unitree_go/msg/sport_mode_state.hpp
[9.103s] -- Installing: /home/robot/Hiking_deploy/unitree_ros2/cyclonedds_ws/install/unitree_go/include/unitree_go/unitree_go/msg/time_spec.hpp
[9.103s] -- Installing: /home/robot/Hiking_deploy/unitree_ros2/cyclonedds_ws/install/unitree_go/include/unitree_go/unitree_go/msg/motor_cmds.hpp
[9.103s] -- Installing: /home/robot/Hiking_deploy/unitree_ros2/cyclonedds_ws/install/unitree_go/include/unitree_go/unitree_go/msg/req.hpp
[9.103s] -- Installing: /home/robot/Hiking_deploy/unitree_ros2/cyclonedds_ws/install/unitree_go/include/unitree_go/unitree_go/msg/path_point.hpp
[9.103s] -- Up-to-date: /home/robot/Hiking_deploy/unitree_ros2/cyclonedds_ws/install/unitree_go/include/unitree_go/unitree_go/msg/detail
[9.103s] -- Installing: /home/robot/Hiking_deploy/unitree_ros2/cyclonedds_ws/install/unitree_go/include/unitree_go/unitree_go/msg/detail/path_point__builder.hpp
[9.103s] -- Installing: /home/robot/Hiking_deploy/unitree_ros2/cyclonedds_ws/install/unitree_go/include/unitree_go/unitree_go/msg/detail/uwb_switch__traits.hpp
[9.103s] -- Installing: /home/robot/Hiking_deploy/unitree_ros2/cyclonedds_ws/install/unitree_go/include/unitree_go/unitree_go/msg/detail/low_cmd__traits.hpp
[9.103s] -- Installing: /home/robot/Hiking_deploy/unitree_ros2/cyclonedds_ws/install/unitree_go/include/unitree_go/unitree_go/msg/detail/bms_cmd__traits.hpp
[9.103s] -- Installing: /home/robot/Hiking_deploy/unitree_ros2/cyclonedds_ws/install/unitree_go/include/unitree_go/unitree_go/msg/detail/req__struct.hpp
[9.103s] -- Installing: /home/robot/Hiking_deploy/unitree_ros2/cyclonedds_ws/install/unitree_go/include/unitree_go/unitree_go/msg/detail/lidar_state__builder.hpp
[9.103s] -- Installing: /home/robot/Hiking_deploy/unitree_ros2/cyclonedds_ws/install/unitree_go/include/unitree_go/unitree_go/msg/detail/imu_state__traits.hpp
[9.103s] -- Installing: /home/robot/Hiking_deploy/unitree_ros2/cyclonedds_ws/install/unitree_go/include/unitree_go/unitree_go/msg/detail/bms_state__struct.hpp
[9.103s] -- Installing: /home/robot/Hiking_deploy/unitree_ros2/cyclonedds_ws/install/unitree_go/include/unitree_go/unitree_go/msg/detail/req__traits.hpp
[9.103s] -- Installing: /home/robot/Hiking_deploy/unitree_ros2/cyclonedds_ws/install/unitree_go/include/unitree_go/unitree_go/msg/detail/uwb_state__type_support.hpp
[9.103s] -- Installing: /home/robot/Hiking_deploy/unitree_ros2/cyclonedds_ws/install/unitree_go/include/unitree_go/unitree_go/msg/detail/lidar_state__traits.hpp
[9.103s] -- Installing: /home/robot/Hiking_deploy/unitree_ros2/cyclonedds_ws/install/unitree_go/include/unitree_go/unitree_go/msg/detail/low_state__type_support.hpp
[9.103s] -- Installing: /home/robot/Hiking_deploy/unitree_ros2/cyclonedds_ws/install/unitree_go/include/unitree_go/unitree_go/msg/detail/go2_front_video_data__traits.hpp
[9.103s] -- Installing: /home/robot/Hiking_deploy/unitree_ros2/cyclonedds_ws/install/unitree_go/include/unitree_go/unitree_go/msg/detail/motor_states__type_support.hpp
[9.103s] -- Installing: /home/robot/Hiking_deploy/unitree_ros2/cyclonedds_ws/install/unitree_go/include/unitree_go/unitree_go/msg/detail/time_spec__traits.hpp
[9.103s] -- Installing: /home/robot/Hiking_deploy/unitree_ros2/cyclonedds_ws/install/unitree_go/include/unitree_go/unitree_go/msg/detail/motor_states__struct.hpp
[9.103s] -- Installing: /home/robot/Hiking_deploy/unitree_ros2/cyclonedds_ws/install/unitree_go/include/unitree_go/unitree_go/msg/detail/interface_config__traits.hpp
[9.103s] -- Installing: /home/robot/Hiking_deploy/unitree_ros2/cyclonedds_ws/install/unitree_go/include/unitree_go/unitree_go/msg/detail/motor_states__traits.hpp
[9.103s] -- Installing: /home/robot/Hiking_deploy/unitree_ros2/cyclonedds_ws/install/unitree_go/include/unitree_go/unitree_go/msg/detail/motor_cmd__builder.hpp
[9.103s] -- Installing: /home/robot/Hiking_deploy/unitree_ros2/cyclonedds_ws/install/unitree_go/include/unitree_go/unitree_go/msg/detail/time_spec__type_support.hpp
[9.103s] -- Installing: /home/robot/Hiking_deploy/unitree_ros2/cyclonedds_ws/install/unitree_go/include/unitree_go/unitree_go/msg/detail/time_spec__struct.hpp
[9.103s] -- Installing: /home/robot/Hiking_deploy/unitree_ros2/cyclonedds_ws/install/unitree_go/include/unitree_go/unitree_go/msg/detail/motor_cmds__struct.hpp
[9.103s] -- Installing: /home/robot/Hiking_deploy/unitree_ros2/cyclonedds_ws/install/unitree_go/include/unitree_go/unitree_go/msg/detail/imu_state__type_support.hpp
[9.103s] -- Installing: /home/robot/Hiking_deploy/unitree_ros2/cyclonedds_ws/install/unitree_go/include/unitree_go/unitree_go/msg/detail/bms_cmd__builder.hpp
[9.103s] -- Installing: /home/robot/Hiking_deploy/unitree_ros2/cyclonedds_ws/install/unitree_go/include/unitree_go/unitree_go/msg/detail/uwb_state__struct.hpp
[9.103s] -- Installing: /home/robot/Hiking_deploy/unitree_ros2/cyclonedds_ws/install/unitree_go/include/unitree_go/unitree_go/msg/detail/motor_cmds__builder.hpp
[9.103s] -- Installing: /home/robot/Hiking_deploy/unitree_ros2/cyclonedds_ws/install/unitree_go/include/unitree_go/unitree_go/msg/detail/req__builder.hpp
[9.103s] -- Installing: /home/robot/Hiking_deploy/unitree_ros2/cyclonedds_ws/install/unitree_go/include/unitree_go/unitree_go/msg/detail/imu_state__builder.hpp
[9.103s] -- Installing: /home/robot/Hiking_deploy/unitree_ros2/cyclonedds_ws/install/unitree_go/include/unitree_go/unitree_go/msg/detail/error__builder.hpp
[9.103s] -- Installing: /home/robot/Hiking_deploy/unitree_ros2/cyclonedds_ws/install/unitree_go/include/unitree_go/unitree_go/msg/detail/motor_state__struct.hpp
[9.103s] -- Installing: /home/robot/Hiking_deploy/unitree_ros2/cyclonedds_ws/install/unitree_go/include/unitree_go/unitree_go/msg/detail/uwb_state__builder.hpp
[9.103s] -- Installing: /home/robot/Hiking_deploy/unitree_ros2/cyclonedds_ws/install/unitree_go/include/unitree_go/unitree_go/msg/detail/uwb_switch__builder.hpp
[9.103s] -- Installing: /home/robot/Hiking_deploy/unitree_ros2/cyclonedds_ws/install/unitree_go/include/unitree_go/unitree_go/msg/detail/sport_mode_cmd__struct.hpp
[9.103s] -- Installing: /home/robot/Hiking_deploy/unitree_ros2/cyclonedds_ws/install/unitree_go/include/unitree_go/unitree_go/msg/detail/go2_front_video_data__type_support.hpp
[9.104s] -- Installing: /home/robot/Hiking_deploy/unitree_ros2/cyclonedds_ws/install/unitree_go/include/unitree_go/unitree_go/msg/detail/sport_mode_state__traits.hpp
[9.104s] -- Installing: /home/robot/Hiking_deploy/unitree_ros2/cyclonedds_ws/install/unitree_go/include/unitree_go/unitree_go/msg/detail/audio_data__struct.hpp
[9.104s] -- Installing: /home/robot/Hiking_deploy/unitree_ros2/cyclonedds_ws/install/unitree_go/include/unitree_go/unitree_go/msg/detail/interface_config__struct.hpp
[9.104s] -- Installing: /home/robot/Hiking_deploy/unitree_ros2/cyclonedds_ws/install/unitree_go/include/unitree_go/unitree_go/msg/detail/low_state__struct.hpp
[9.104s] -- Installing: /home/robot/Hiking_deploy/unitree_ros2/cyclonedds_ws/install/unitree_go/include/unitree_go/unitree_go/msg/detail/uwb_state__traits.hpp
[9.104s] -- Installing: /home/robot/Hiking_deploy/unitree_ros2/cyclonedds_ws/install/unitree_go/include/unitree_go/unitree_go/msg/detail/error__traits.hpp
[9.104s] -- Installing: /home/robot/Hiking_deploy/unitree_ros2/cyclonedds_ws/install/unitree_go/include/unitree_go/unitree_go/msg/detail/low_state__builder.hpp
[9.104s] -- Installing: /home/robot/Hiking_deploy/unitree_ros2/cyclonedds_ws/install/unitree_go/include/unitree_go/unitree_go/msg/detail/uwb_switch__struct.hpp
[9.104s] -- Installing: /home/robot/Hiking_deploy/unitree_ros2/cyclonedds_ws/install/unitree_go/include/unitree_go/unitree_go/msg/detail/height_map__builder.hpp
[9.104s] -- Installing: /home/robot/Hiking_deploy/unitree_ros2/cyclonedds_ws/install/unitree_go/include/unitree_go/unitree_go/msg/detail/audio_data__traits.hpp
[9.104s] -- Installing: /home/robot/Hiking_deploy/unitree_ros2/cyclonedds_ws/install/unitree_go/include/unitree_go/unitree_go/msg/detail/sport_mode_cmd__traits.hpp
[9.104s] -- Installing: /home/robot/Hiking_deploy/unitree_ros2/cyclonedds_ws/install/unitree_go/include/unitree_go/unitree_go/msg/detail/motor_state__builder.hpp
[9.104s] -- Installing: /home/robot/Hiking_deploy/unitree_ros2/cyclonedds_ws/install/unitree_go/include/unitree_go/unitree_go/msg/detail/uwb_switch__type_support.hpp
[9.104s] -- Installing: /home/robot/Hiking_deploy/unitree_ros2/cyclonedds_ws/install/unitree_go/include/unitree_go/unitree_go/msg/detail/sport_mode_state__builder.hpp
[9.104s] -- Installing: /home/robot/Hiking_deploy/unitree_ros2/cyclonedds_ws/install/unitree_go/include/unitree_go/unitree_go/msg/detail/height_map__traits.hpp
[9.104s] -- Installing: /home/robot/Hiking_deploy/unitree_ros2/cyclonedds_ws/install/unitree_go/include/unitree_go/unitree_go/msg/detail/time_spec__builder.hpp
[9.104s] -- Installing: /home/robot/Hiking_deploy/unitree_ros2/cyclonedds_ws/install/unitree_go/include/unitree_go/unitree_go/msg/detail/sport_mode_cmd__builder.hpp
[9.104s] -- Installing: /home/robot/Hiking_deploy/unitree_ros2/cyclonedds_ws/install/unitree_go/include/unitree_go/unitree_go/msg/detail/audio_data__type_support.hpp
[9.104s] -- Installing: /home/robot/Hiking_deploy/unitree_ros2/cyclonedds_ws/install/unitree_go/include/unitree_go/unitree_go/msg/detail/height_map__struct.hpp
[9.104s] -- Installing: /home/robot/Hiking_deploy/unitree_ros2/cyclonedds_ws/install/unitree_go/include/unitree_go/unitree_go/msg/detail/interface_config__type_support.hpp
[9.104s] -- Installing: /home/robot/Hiking_deploy/unitree_ros2/cyclonedds_ws/install/unitree_go/include/unitree_go/unitree_go/msg/detail/res__traits.hpp
[9.104s] -- Installing: /home/robot/Hiking_deploy/unitree_ros2/cyclonedds_ws/install/unitree_go/include/unitree_go/unitree_go/msg/detail/wireless_controller__builder.hpp
[9.104s] -- Installing: /home/robot/Hiking_deploy/unitree_ros2/cyclonedds_ws/install/unitree_go/include/unitree_go/unitree_go/msg/detail/sport_mode_state__struct.hpp
[9.104s] -- Installing: /home/robot/Hiking_deploy/unitree_ros2/cyclonedds_ws/install/unitree_go/include/unitree_go/unitree_go/msg/detail/wireless_controller__struct.hpp
[9.104s] -- Installing: /home/robot/Hiking_deploy/unitree_ros2/cyclonedds_ws/install/unitree_go/include/unitree_go/unitree_go/msg/detail/req__type_support.hpp
[9.104s] -- Installing: /home/robot/Hiking_deploy/unitree_ros2/cyclonedds_ws/install/unitree_go/include/unitree_go/unitree_go/msg/detail/wireless_controller__type_support.hpp
[9.104s] -- Installing: /home/robot/Hiking_deploy/unitree_ros2/cyclonedds_ws/install/unitree_go/include/unitree_go/unitree_go/msg/detail/path_point__traits.hpp
[9.104s] -- Installing: /home/robot/Hiking_deploy/unitree_ros2/cyclonedds_ws/install/unitree_go/include/unitree_go/unitree_go/msg/detail/motor_cmd__struct.hpp
[9.104s] -- Installing: /home/robot/Hiking_deploy/unitree_ros2/cyclonedds_ws/install/unitree_go/include/unitree_go/unitree_go/msg/detail/sport_mode_cmd__type_support.hpp
[9.104s] -- Installing: /home/robot/Hiking_deploy/unitree_ros2/cyclonedds_ws/install/unitree_go/include/unitree_go/unitree_go/msg/detail/bms_cmd__type_support.hpp
[9.104s] -- Installing: /home/robot/Hiking_deploy/unitree_ros2/cyclonedds_ws/install/unitree_go/include/unitree_go/unitree_go/msg/detail/lidar_state__type_support.hpp
[9.104s] -- Installing: /home/robot/Hiking_deploy/unitree_ros2/cyclonedds_ws/install/unitree_go/include/unitree_go/unitree_go/msg/detail/error__struct.hpp
[9.104s] -- Installing: /home/robot/Hiking_deploy/unitree_ros2/cyclonedds_ws/install/unitree_go/include/unitree_go/unitree_go/msg/detail/res__builder.hpp
[9.104s] -- Installing: /home/robot/Hiking_deploy/unitree_ros2/cyclonedds_ws/install/unitree_go/include/unitree_go/unitree_go/msg/detail/res__type_support.hpp
[9.105s] -- Installing: /home/robot/Hiking_deploy/unitree_ros2/cyclonedds_ws/install/unitree_go/include/unitree_go/unitree_go/msg/detail/sport_mode_state__type_support.hpp
[9.105s] -- Installing: /home/robot/Hiking_deploy/unitree_ros2/cyclonedds_ws/install/unitree_go/include/unitree_go/unitree_go/msg/detail/motor_cmds__traits.hpp
[9.105s] -- Installing: /home/robot/Hiking_deploy/unitree_ros2/cyclonedds_ws/install/unitree_go/include/unitree_go/unitree_go/msg/detail/error__type_support.hpp
[9.105s] -- Installing: /home/robot/Hiking_deploy/unitree_ros2/cyclonedds_ws/install/unitree_go/include/unitree_go/unitree_go/msg/detail/height_map__type_support.hpp
[9.105s] -- Installing: /home/robot/Hiking_deploy/unitree_ros2/cyclonedds_ws/install/unitree_go/include/unitree_go/unitree_go/msg/detail/motor_state__type_support.hpp
[9.105s] -- Installing: /home/robot/Hiking_deploy/unitree_ros2/cyclonedds_ws/install/unitree_go/include/unitree_go/unitree_go/msg/detail/path_point__struct.hpp
[9.105s] -- Installing: /home/robot/Hiking_deploy/unitree_ros2/cyclonedds_ws/install/unitree_go/include/unitree_go/unitree_go/msg/detail/go2_front_video_data__struct.hpp
[9.105s] -- Installing: /home/robot/Hiking_deploy/unitree_ros2/cyclonedds_ws/install/unitree_go/include/unitree_go/unitree_go/msg/detail/lidar_state__struct.hpp
[9.105s] -- Installing: /home/robot/Hiking_deploy/unitree_ros2/cyclonedds_ws/install/unitree_go/include/unitree_go/unitree_go/msg/detail/motor_cmd__traits.hpp
[9.105s] -- Installing: /home/robot/Hiking_deploy/unitree_ros2/cyclonedds_ws/install/unitree_go/include/unitree_go/unitree_go/msg/detail/go2_front_video_data__builder.hpp
[9.105s] -- Installing: /home/robot/Hiking_deploy/unitree_ros2/cyclonedds_ws/install/unitree_go/include/unitree_go/unitree_go/msg/detail/low_cmd__struct.hpp
[9.105s] -- Installing: /home/robot/Hiking_deploy/unitree_ros2/cyclonedds_ws/install/unitree_go/include/unitree_go/unitree_go/msg/detail/low_cmd__builder.hpp
[9.105s] -- Installing: /home/robot/Hiking_deploy/unitree_ros2/cyclonedds_ws/install/unitree_go/include/unitree_go/unitree_go/msg/detail/bms_state__traits.hpp
[9.105s] -- Installing: /home/robot/Hiking_deploy/unitree_ros2/cyclonedds_ws/install/unitree_go/include/unitree_go/unitree_go/msg/detail/low_state__traits.hpp
[9.105s] -- Installing: /home/robot/Hiking_deploy/unitree_ros2/cyclonedds_ws/install/unitree_go/include/unitree_go/unitree_go/msg/detail/motor_cmds__type_support.hpp
[9.105s] -- Installing: /home/robot/Hiking_deploy/unitree_ros2/cyclonedds_ws/install/unitree_go/include/unitree_go/unitree_go/msg/detail/motor_state__traits.hpp
[9.105s] -- Installing: /home/robot/Hiking_deploy/unitree_ros2/cyclonedds_ws/install/unitree_go/include/unitree_go/unitree_go/msg/detail/bms_state__type_support.hpp
[9.105s] -- Installing: /home/robot/Hiking_deploy/unitree_ros2/cyclonedds_ws/install/unitree_go/include/unitree_go/unitree_go/msg/detail/motor_cmd__type_support.hpp
[9.105s] -- Installing: /home/robot/Hiking_deploy/unitree_ros2/cyclonedds_ws/install/unitree_go/include/unitree_go/unitree_go/msg/detail/motor_states__builder.hpp
[9.105s] -- Installing: /home/robot/Hiking_deploy/unitree_ros2/cyclonedds_ws/install/unitree_go/include/unitree_go/unitree_go/msg/detail/audio_data__builder.hpp
[9.105s] -- Installing: /home/robot/Hiking_deploy/unitree_ros2/cyclonedds_ws/install/unitree_go/include/unitree_go/unitree_go/msg/detail/low_cmd__type_support.hpp
[9.105s] -- Installing: /home/robot/Hiking_deploy/unitree_ros2/cyclonedds_ws/install/unitree_go/include/unitree_go/unitree_go/msg/detail/interface_config__builder.hpp
[9.105s] -- Installing: /home/robot/Hiking_deploy/unitree_ros2/cyclonedds_ws/install/unitree_go/include/unitree_go/unitree_go/msg/detail/wireless_controller__traits.hpp
[9.106s] -- Installing: /home/robot/Hiking_deploy/unitree_ros2/cyclonedds_ws/install/unitree_go/include/unitree_go/unitree_go/msg/detail/imu_state__struct.hpp
[9.106s] -- Installing: /home/robot/Hiking_deploy/unitree_ros2/cyclonedds_ws/install/unitree_go/include/unitree_go/unitree_go/msg/detail/bms_cmd__struct.hpp
[9.106s] -- Installing: /home/robot/Hiking_deploy/unitree_ros2/cyclonedds_ws/install/unitree_go/include/unitree_go/unitree_go/msg/detail/path_point__type_support.hpp
[9.106s] -- Installing: /home/robot/Hiking_deploy/unitree_ros2/cyclonedds_ws/install/unitree_go/include/unitree_go/unitree_go/msg/detail/bms_state__builder.hpp
[9.106s] -- Installing: /home/robot/Hiking_deploy/unitree_ros2/cyclonedds_ws/install/unitree_go/include/unitree_go/unitree_go/msg/detail/res__struct.hpp
[9.106s] -- Installing: /home/robot/Hiking_deploy/unitree_ros2/cyclonedds_ws/install/unitree_go/include/unitree_go/unitree_go/msg/low_state.hpp
[9.106s] -- Up-to-date: /home/robot/Hiking_deploy/unitree_ros2/cyclonedds_ws/install/unitree_go/include/unitree_go/unitree_go
[9.106s] -- Up-to-date: /home/robot/Hiking_deploy/unitree_ros2/cyclonedds_ws/install/unitree_go/include/unitree_go/unitree_go/msg
[9.106s] -- Installing: /home/robot/Hiking_deploy/unitree_ros2/cyclonedds_ws/install/unitree_go/include/unitree_go/unitree_go/msg/rosidl_typesupport_fastrtps_cpp__visibility_control.h
[9.106s] -- Up-to-date: /home/robot/Hiking_deploy/unitree_ros2/cyclonedds_ws/install/unitree_go/include/unitree_go/unitree_go/msg/detail
[9.106s] -- Installing: /home/robot/Hiking_deploy/unitree_ros2/cyclonedds_ws/install/unitree_go/include/unitree_go/unitree_go/msg/detail/dds_fastrtps
[9.106s] -- Installing: /home/robot/Hiking_deploy/unitree_ros2/cyclonedds_ws/install/unitree_go/include/unitree_go/unitree_go/msg/detail/sport_mode_state__rosidl_typesupport_fastrtps_cpp.hpp
[9.106s] -- Installing: /home/robot/Hiking_deploy/unitree_ros2/cyclonedds_ws/install/unitree_go/include/unitree_go/unitree_go/msg/detail/req__rosidl_typesupport_fastrtps_cpp.hpp
[9.106s] -- Installing: /home/robot/Hiking_deploy/unitree_ros2/cyclonedds_ws/install/unitree_go/include/unitree_go/unitree_go/msg/detail/imu_state__rosidl_typesupport_fastrtps_cpp.hpp
[9.106s] -- Installing: /home/robot/Hiking_deploy/unitree_ros2/cyclonedds_ws/install/unitree_go/include/unitree_go/unitree_go/msg/detail/low_cmd__rosidl_typesupport_fastrtps_cpp.hpp
[9.106s] -- Installing: /home/robot/Hiking_deploy/unitree_ros2/cyclonedds_ws/install/unitree_go/include/unitree_go/unitree_go/msg/detail/sport_mode_cmd__rosidl_typesupport_fastrtps_cpp.hpp
[9.106s] -- Installing: /home/robot/Hiking_deploy/unitree_ros2/cyclonedds_ws/install/unitree_go/include/unitree_go/unitree_go/msg/detail/error__rosidl_typesupport_fastrtps_cpp.hpp
[9.106s] -- Installing: /home/robot/Hiking_deploy/unitree_ros2/cyclonedds_ws/install/unitree_go/include/unitree_go/unitree_go/msg/detail/motor_cmd__rosidl_typesupport_fastrtps_cpp.hpp
[9.106s] -- Installing: /home/robot/Hiking_deploy/unitree_ros2/cyclonedds_ws/install/unitree_go/include/unitree_go/unitree_go/msg/detail/motor_cmds__rosidl_typesupport_fastrtps_cpp.hpp
[9.106s] -- Installing: /home/robot/Hiking_deploy/unitree_ros2/cyclonedds_ws/install/unitree_go/include/unitree_go/unitree_go/msg/detail/height_map__rosidl_typesupport_fastrtps_cpp.hpp
[9.106s] -- Installing: /home/robot/Hiking_deploy/unitree_ros2/cyclonedds_ws/install/unitree_go/include/unitree_go/unitree_go/msg/detail/uwb_switch__rosidl_typesupport_fastrtps_cpp.hpp
[9.106s] -- Installing: /home/robot/Hiking_deploy/unitree_ros2/cyclonedds_ws/install/unitree_go/include/unitree_go/unitree_go/msg/detail/audio_data__rosidl_typesupport_fastrtps_cpp.hpp
[9.106s] -- Installing: /home/robot/Hiking_deploy/unitree_ros2/cyclonedds_ws/install/unitree_go/include/unitree_go/unitree_go/msg/detail/lidar_state__rosidl_typesupport_fastrtps_cpp.hpp
[9.106s] -- Installing: /home/robot/Hiking_deploy/unitree_ros2/cyclonedds_ws/install/unitree_go/include/unitree_go/unitree_go/msg/detail/low_state__rosidl_typesupport_fastrtps_cpp.hpp
[9.106s] -- Installing: /home/robot/Hiking_deploy/unitree_ros2/cyclonedds_ws/install/unitree_go/include/unitree_go/unitree_go/msg/detail/wireless_controller__rosidl_typesupport_fastrtps_cpp.hpp
[9.106s] -- Installing: /home/robot/Hiking_deploy/unitree_ros2/cyclonedds_ws/install/unitree_go/include/unitree_go/unitree_go/msg/detail/res__rosidl_typesupport_fastrtps_cpp.hpp
[9.107s] -- Installing: /home/robot/Hiking_deploy/unitree_ros2/cyclonedds_ws/install/unitree_go/include/unitree_go/unitree_go/msg/detail/motor_state__rosidl_typesupport_fastrtps_cpp.hpp
[9.107s] -- Installing: /home/robot/Hiking_deploy/unitree_ros2/cyclonedds_ws/install/unitree_go/include/unitree_go/unitree_go/msg/detail/motor_states__rosidl_typesupport_fastrtps_cpp.hpp
[9.107s] -- Installing: /home/robot/Hiking_deploy/unitree_ros2/cyclonedds_ws/install/unitree_go/include/unitree_go/unitree_go/msg/detail/path_point__rosidl_typesupport_fastrtps_cpp.hpp
[9.107s] -- Installing: /home/robot/Hiking_deploy/unitree_ros2/cyclonedds_ws/install/unitree_go/include/unitree_go/unitree_go/msg/detail/go2_front_video_data__rosidl_typesupport_fastrtps_cpp.hpp
[9.107s] -- Installing: /home/robot/Hiking_deploy/unitree_ros2/cyclonedds_ws/install/unitree_go/include/unitree_go/unitree_go/msg/detail/uwb_state__rosidl_typesupport_fastrtps_cpp.hpp
[9.107s] -- Installing: /home/robot/Hiking_deploy/unitree_ros2/cyclonedds_ws/install/unitree_go/include/unitree_go/unitree_go/msg/detail/interface_config__rosidl_typesupport_fastrtps_cpp.hpp
[9.107s] -- Installing: /home/robot/Hiking_deploy/unitree_ros2/cyclonedds_ws/install/unitree_go/include/unitree_go/unitree_go/msg/detail/bms_state__rosidl_typesupport_fastrtps_cpp.hpp
[9.107s] -- Installing: /home/robot/Hiking_deploy/unitree_ros2/cyclonedds_ws/install/unitree_go/include/unitree_go/unitree_go/msg/detail/bms_cmd__rosidl_typesupport_fastrtps_cpp.hpp
[9.107s] -- Installing: /home/robot/Hiking_deploy/unitree_ros2/cyclonedds_ws/install/unitree_go/include/unitree_go/unitree_go/msg/detail/time_spec__rosidl_typesupport_fastrtps_cpp.hpp
[9.107s] -- Installing: /home/robot/Hiking_deploy/unitree_ros2/cyclonedds_ws/install/unitree_go/lib/libunitree_go__rosidl_typesupport_fastrtps_cpp.so
[9.107s] -- Set runtime path of "/home/robot/Hiking_deploy/unitree_ros2/cyclonedds_ws/install/unitree_go/lib/libunitree_go__rosidl_typesupport_fastrtps_cpp.so" to ""
[9.107s] -- Up-to-date: /home/robot/Hiking_deploy/unitree_ros2/cyclonedds_ws/install/unitree_go/include/unitree_go/unitree_go
[9.107s] -- Up-to-date: /home/robot/Hiking_deploy/unitree_ros2/cyclonedds_ws/install/unitree_go/include/unitree_go/unitree_go/msg
[9.107s] -- Installing: /home/robot/Hiking_deploy/unitree_ros2/cyclonedds_ws/install/unitree_go/include/unitree_go/unitree_go/msg/rosidl_typesupport_introspection_c__visibility_control.h
[9.107s] -- Up-to-date: /home/robot/Hiking_deploy/unitree_ros2/cyclonedds_ws/install/unitree_go/include/unitree_go/unitree_go/msg/detail
[9.107s] -- Installing: /home/robot/Hiking_deploy/unitree_ros2/cyclonedds_ws/install/unitree_go/include/unitree_go/unitree_go/msg/detail/go2_front_video_data__rosidl_typesupport_introspection_c.h
[9.107s] -- Installing: /home/robot/Hiking_deploy/unitree_ros2/cyclonedds_ws/install/unitree_go/include/unitree_go/unitree_go/msg/detail/go2_front_video_data__type_support.c
[9.107s] -- Installing: /home/robot/Hiking_deploy/unitree_ros2/cyclonedds_ws/install/unitree_go/include/unitree_go/unitree_go/msg/detail/low_cmd__type_support.c
[9.107s] -- Installing: /home/robot/Hiking_deploy/unitree_ros2/cyclonedds_ws/install/unitree_go/include/unitree_go/unitree_go/msg/detail/motor_cmds__rosidl_typesupport_introspection_c.h
[9.107s] -- Installing: /home/robot/Hiking_deploy/unitree_ros2/cyclonedds_ws/install/unitree_go/include/unitree_go/unitree_go/msg/detail/wireless_controller__type_support.c
[9.107s] -- Installing: /home/robot/Hiking_deploy/unitree_ros2/cyclonedds_ws/install/unitree_go/include/unitree_go/unitree_go/msg/detail/motor_states__type_support.c
[9.107s] -- Installing: /home/robot/Hiking_deploy/unitree_ros2/cyclonedds_ws/install/unitree_go/include/unitree_go/unitree_go/msg/detail/error__rosidl_typesupport_introspection_c.h
[9.108s] -- Installing: /home/robot/Hiking_deploy/unitree_ros2/cyclonedds_ws/install/unitree_go/include/unitree_go/unitree_go/msg/detail/uwb_switch__rosidl_typesupport_introspection_c.h
[9.108s] -- Installing: /home/robot/Hiking_deploy/unitree_ros2/cyclonedds_ws/install/unitree_go/include/unitree_go/unitree_go/msg/detail/res__type_support.c
[9.108s] -- Installing: /home/robot/Hiking_deploy/unitree_ros2/cyclonedds_ws/install/unitree_go/include/unitree_go/unitree_go/msg/detail/motor_cmd__rosidl_typesupport_introspection_c.h
[9.108s] -- Installing: /home/robot/Hiking_deploy/unitree_ros2/cyclonedds_ws/install/unitree_go/include/unitree_go/unitree_go/msg/detail/sport_mode_state__rosidl_typesupport_introspection_c.h
[9.108s] -- Installing: /home/robot/Hiking_deploy/unitree_ros2/cyclonedds_ws/install/unitree_go/include/unitree_go/unitree_go/msg/detail/low_state__type_support.c
[9.108s] -- Installing: /home/robot/Hiking_deploy/unitree_ros2/cyclonedds_ws/install/unitree_go/include/unitree_go/unitree_go/msg/detail/low_cmd__rosidl_typesupport_introspection_c.h
[9.108s] -- Installing: /home/robot/Hiking_deploy/unitree_ros2/cyclonedds_ws/install/unitree_go/include/unitree_go/unitree_go/msg/detail/lidar_state__rosidl_typesupport_introspection_c.h
[9.108s] -- Installing: /home/robot/Hiking_deploy/unitree_ros2/cyclonedds_ws/install/unitree_go/include/unitree_go/unitree_go/msg/detail/time_spec__type_support.c
[9.108s] -- Installing: /home/robot/Hiking_deploy/unitree_ros2/cyclonedds_ws/install/unitree_go/include/unitree_go/unitree_go/msg/detail/sport_mode_cmd__rosidl_typesupport_introspection_c.h
[9.108s] -- Installing: /home/robot/Hiking_deploy/unitree_ros2/cyclonedds_ws/install/unitree_go/include/unitree_go/unitree_go/msg/detail/imu_state__type_support.c
[9.108s] -- Installing: /home/robot/Hiking_deploy/unitree_ros2/cyclonedds_ws/install/unitree_go/include/unitree_go/unitree_go/msg/detail/req__rosidl_typesupport_introspection_c.h
[9.108s] -- Installing: /home/robot/Hiking_deploy/unitree_ros2/cyclonedds_ws/install/unitree_go/include/unitree_go/unitree_go/msg/detail/lidar_state__type_support.c
[9.108s] -- Installing: /home/robot/Hiking_deploy/unitree_ros2/cyclonedds_ws/install/unitree_go/include/unitree_go/unitree_go/msg/detail/uwb_state__type_support.c
[9.108s] -- Installing: /home/robot/Hiking_deploy/unitree_ros2/cyclonedds_ws/install/unitree_go/include/unitree_go/unitree_go/msg/detail/bms_state__rosidl_typesupport_introspection_c.h
[9.108s] -- Installing: /home/robot/Hiking_deploy/unitree_ros2/cyclonedds_ws/install/unitree_go/include/unitree_go/unitree_go/msg/detail/sport_mode_cmd__type_support.c
[9.108s] -- Installing: /home/robot/Hiking_deploy/unitree_ros2/cyclonedds_ws/install/unitree_go/include/unitree_go/unitree_go/msg/detail/bms_state__type_support.c
[9.108s] -- Installing: /home/robot/Hiking_deploy/unitree_ros2/cyclonedds_ws/install/unitree_go/include/unitree_go/unitree_go/msg/detail/motor_cmds__type_support.c
[9.108s] -- Installing: /home/robot/Hiking_deploy/unitree_ros2/cyclonedds_ws/install/unitree_go/include/unitree_go/unitree_go/msg/detail/res__rosidl_typesupport_introspection_c.h
[9.108s] -- Installing: /home/robot/Hiking_deploy/unitree_ros2/cyclonedds_ws/install/unitree_go/include/unitree_go/unitree_go/msg/detail/motor_cmd__type_support.c
[9.108s] -- Installing: /home/robot/Hiking_deploy/unitree_ros2/cyclonedds_ws/install/unitree_go/include/unitree_go/unitree_go/msg/detail/motor_state__rosidl_typesupport_introspection_c.h
[9.108s] -- Installing: /home/robot/Hiking_deploy/unitree_ros2/cyclonedds_ws/install/unitree_go/include/unitree_go/unitree_go/msg/detail/imu_state__rosidl_typesupport_introspection_c.h
[9.108s] -- Installing: /home/robot/Hiking_deploy/unitree_ros2/cyclonedds_ws/install/unitree_go/include/unitree_go/unitree_go/msg/detail/req__type_support.c
[9.108s] -- Installing: /home/robot/Hiking_deploy/unitree_ros2/cyclonedds_ws/install/unitree_go/include/unitree_go/unitree_go/msg/detail/motor_states__rosidl_typesupport_introspection_c.h
[9.108s] -- Installing: /home/robot/Hiking_deploy/unitree_ros2/cyclonedds_ws/install/unitree_go/include/unitree_go/unitree_go/msg/detail/error__type_support.c
[9.108s] -- Installing: /home/robot/Hiking_deploy/unitree_ros2/cyclonedds_ws/install/unitree_go/include/unitree_go/unitree_go/msg/detail/time_spec__rosidl_typesupport_introspection_c.h
[9.108s] -- Installing: /home/robot/Hiking_deploy/unitree_ros2/cyclonedds_ws/install/unitree_go/include/unitree_go/unitree_go/msg/detail/interface_config__rosidl_typesupport_introspection_c.h
[9.108s] -- Installing: /home/robot/Hiking_deploy/unitree_ros2/cyclonedds_ws/install/unitree_go/include/unitree_go/unitree_go/msg/detail/wireless_controller__rosidl_typesupport_introspection_c.h
[9.109s] -- Installing: /home/robot/Hiking_deploy/unitree_ros2/cyclonedds_ws/install/unitree_go/include/unitree_go/unitree_go/msg/detail/low_state__rosidl_typesupport_introspection_c.h
[9.109s] -- Installing: /home/robot/Hiking_deploy/unitree_ros2/cyclonedds_ws/install/unitree_go/include/unitree_go/unitree_go/msg/detail/bms_cmd__rosidl_typesupport_introspection_c.h
[9.109s] -- Installing: /home/robot/Hiking_deploy/unitree_ros2/cyclonedds_ws/install/unitree_go/include/unitree_go/unitree_go/msg/detail/path_point__rosidl_typesupport_introspection_c.h
[9.109s] -- Installing: /home/robot/Hiking_deploy/unitree_ros2/cyclonedds_ws/install/unitree_go/include/unitree_go/unitree_go/msg/detail/uwb_state__rosidl_typesupport_introspection_c.h
[9.109s] -- Installing: /home/robot/Hiking_deploy/unitree_ros2/cyclonedds_ws/install/unitree_go/include/unitree_go/unitree_go/msg/detail/audio_data__type_support.c
[9.109s] -- Installing: /home/robot/Hiking_deploy/unitree_ros2/cyclonedds_ws/install/unitree_go/include/unitree_go/unitree_go/msg/detail/audio_data__rosidl_typesupport_introspection_c.h
[9.109s] -- Installing: /home/robot/Hiking_deploy/unitree_ros2/cyclonedds_ws/install/unitree_go/include/unitree_go/unitree_go/msg/detail/bms_cmd__type_support.c
[9.109s] -- Installing: /home/robot/Hiking_deploy/unitree_ros2/cyclonedds_ws/install/unitree_go/include/unitree_go/unitree_go/msg/detail/interface_config__type_support.c
[9.109s] -- Installing: /home/robot/Hiking_deploy/unitree_ros2/cyclonedds_ws/install/unitree_go/include/unitree_go/unitree_go/msg/detail/path_point__type_support.c
[9.109s] -- Installing: /home/robot/Hiking_deploy/unitree_ros2/cyclonedds_ws/install/unitree_go/include/unitree_go/unitree_go/msg/detail/height_map__rosidl_typesupport_introspection_c.h
[9.109s] -- Installing: /home/robot/Hiking_deploy/unitree_ros2/cyclonedds_ws/install/unitree_go/include/unitree_go/unitree_go/msg/detail/sport_mode_state__type_support.c
[9.109s] -- Installing: /home/robot/Hiking_deploy/unitree_ros2/cyclonedds_ws/install/unitree_go/include/unitree_go/unitree_go/msg/detail/uwb_switch__type_support.c
[9.109s] -- Installing: /home/robot/Hiking_deploy/unitree_ros2/cyclonedds_ws/install/unitree_go/include/unitree_go/unitree_go/msg/detail/motor_state__type_support.c
[9.109s] -- Installing: /home/robot/Hiking_deploy/unitree_ros2/cyclonedds_ws/install/unitree_go/include/unitree_go/unitree_go/msg/detail/height_map__type_support.c
[9.109s] -- Installing: /home/robot/Hiking_deploy/unitree_ros2/cyclonedds_ws/install/unitree_go/lib/libunitree_go__rosidl_typesupport_introspection_c.so
[9.109s] -- Set runtime path of "/home/robot/Hiking_deploy/unitree_ros2/cyclonedds_ws/install/unitree_go/lib/libunitree_go__rosidl_typesupport_introspection_c.so" to ""
[9.109s] -- Installing: /home/robot/Hiking_deploy/unitree_ros2/cyclonedds_ws/install/unitree_go/lib/libunitree_go__rosidl_typesupport_c.so
[9.109s] -- Set runtime path of "/home/robot/Hiking_deploy/unitree_ros2/cyclonedds_ws/install/unitree_go/lib/libunitree_go__rosidl_typesupport_c.so" to ""
[9.109s] -- Up-to-date: /home/robot/Hiking_deploy/unitree_ros2/cyclonedds_ws/install/unitree_go/include/unitree_go/unitree_go
[9.109s] -- Up-to-date: /home/robot/Hiking_deploy/unitree_ros2/cyclonedds_ws/install/unitree_go/include/unitree_go/unitree_go/msg
[9.110s] -- Up-to-date: /home/robot/Hiking_deploy/unitree_ros2/cyclonedds_ws/install/unitree_go/include/unitree_go/unitree_go/msg/detail
[9.110s] -- Installing: /home/robot/Hiking_deploy/unitree_ros2/cyclonedds_ws/install/unitree_go/include/unitree_go/unitree_go/msg/detail/motor_state__rosidl_typesupport_introspection_cpp.hpp
[9.110s] -- Installing: /home/robot/Hiking_deploy/unitree_ros2/cyclonedds_ws/install/unitree_go/include/unitree_go/unitree_go/msg/detail/low_cmd__type_support.cpp
[9.110s] -- Installing: /home/robot/Hiking_deploy/unitree_ros2/cyclonedds_ws/install/unitree_go/include/unitree_go/unitree_go/msg/detail/motor_states__type_support.cpp
[9.110s] -- Installing: /home/robot/Hiking_deploy/unitree_ros2/cyclonedds_ws/install/unitree_go/include/unitree_go/unitree_go/msg/detail/bms_cmd__type_support.cpp
[9.110s] -- Installing: /home/robot/Hiking_deploy/unitree_ros2/cyclonedds_ws/install/unitree_go/include/unitree_go/unitree_go/msg/detail/path_point__rosidl_typesupport_introspection_cpp.hpp
[9.110s] -- Installing: /home/robot/Hiking_deploy/unitree_ros2/cyclonedds_ws/install/unitree_go/include/unitree_go/unitree_go/msg/detail/motor_cmd__rosidl_typesupport_introspection_cpp.hpp
[9.110s] -- Installing: /home/robot/Hiking_deploy/unitree_ros2/cyclonedds_ws/install/unitree_go/include/unitree_go/unitree_go/msg/detail/res__rosidl_typesupport_introspection_cpp.hpp
[9.110s] -- Installing: /home/robot/Hiking_deploy/unitree_ros2/cyclonedds_ws/install/unitree_go/include/unitree_go/unitree_go/msg/detail/motor_state__type_support.cpp
[9.110s] -- Installing: /home/robot/Hiking_deploy/unitree_ros2/cyclonedds_ws/install/unitree_go/include/unitree_go/unitree_go/msg/detail/lidar_state__type_support.cpp
[9.110s] -- Installing: /home/robot/Hiking_deploy/unitree_ros2/cyclonedds_ws/install/unitree_go/include/unitree_go/unitree_go/msg/detail/uwb_switch__rosidl_typesupport_introspection_cpp.hpp
[9.110s] -- Installing: /home/robot/Hiking_deploy/unitree_ros2/cyclonedds_ws/install/unitree_go/include/unitree_go/unitree_go/msg/detail/go2_front_video_data__type_support.cpp
[9.110s] -- Installing: /home/robot/Hiking_deploy/unitree_ros2/cyclonedds_ws/install/unitree_go/include/unitree_go/unitree_go/msg/detail/uwb_state__rosidl_typesupport_introspection_cpp.hpp
[9.110s] -- Installing: /home/robot/Hiking_deploy/unitree_ros2/cyclonedds_ws/install/unitree_go/include/unitree_go/unitree_go/msg/detail/wireless_controller__rosidl_typesupport_introspection_cpp.hpp
[9.110s] -- Installing: /home/robot/Hiking_deploy/unitree_ros2/cyclonedds_ws/install/unitree_go/include/unitree_go/unitree_go/msg/detail/req__rosidl_typesupport_introspection_cpp.hpp
[9.110s] -- Installing: /home/robot/Hiking_deploy/unitree_ros2/cyclonedds_ws/install/unitree_go/include/unitree_go/unitree_go/msg/detail/time_spec__rosidl_typesupport_introspection_cpp.hpp
[9.110s] -- Installing: /home/robot/Hiking_deploy/unitree_ros2/cyclonedds_ws/install/unitree_go/include/unitree_go/unitree_go/msg/detail/motor_cmd__type_support.cpp
[9.110s] -- Installing: /home/robot/Hiking_deploy/unitree_ros2/cyclonedds_ws/install/unitree_go/include/unitree_go/unitree_go/msg/detail/audio_data__type_support.cpp
[9.110s] -- Installing: /home/robot/Hiking_deploy/unitree_ros2/cyclonedds_ws/install/unitree_go/include/unitree_go/unitree_go/msg/detail/error__type_support.cpp
[9.110s] -- Installing: /home/robot/Hiking_deploy/unitree_ros2/cyclonedds_ws/install/unitree_go/include/unitree_go/unitree_go/msg/detail/imu_state__type_support.cpp
[9.110s] -- Installing: /home/robot/Hiking_deploy/unitree_ros2/cyclonedds_ws/install/unitree_go/include/unitree_go/unitree_go/msg/detail/motor_states__rosidl_typesupport_introspection_cpp.hpp
[9.110s] -- Installing: /home/robot/Hiking_deploy/unitree_ros2/cyclonedds_ws/install/unitree_go/include/unitree_go/unitree_go/msg/detail/wireless_controller__type_support.cpp
[9.110s] -- Installing: /home/robot/Hiking_deploy/unitree_ros2/cyclonedds_ws/install/unitree_go/include/unitree_go/unitree_go/msg/detail/sport_mode_state__rosidl_typesupport_introspection_cpp.hpp
[9.110s] -- Installing: /home/robot/Hiking_deploy/unitree_ros2/cyclonedds_ws/install/unitree_go/include/unitree_go/unitree_go/msg/detail/interface_config__type_support.cpp
[9.110s] -- Installing: /home/robot/Hiking_deploy/unitree_ros2/cyclonedds_ws/install/unitree_go/include/unitree_go/unitree_go/msg/detail/uwb_state__type_support.cpp
[9.110s] -- Installing: /home/robot/Hiking_deploy/unitree_ros2/cyclonedds_ws/install/unitree_go/include/unitree_go/unitree_go/msg/detail/lidar_state__rosidl_typesupport_introspection_cpp.hpp
[9.111s] -- Installing: /home/robot/Hiking_deploy/unitree_ros2/cyclonedds_ws/install/unitree_go/include/unitree_go/unitree_go/msg/detail/uwb_switch__type_support.cpp
[9.111s] -- Installing: /home/robot/Hiking_deploy/unitree_ros2/cyclonedds_ws/install/unitree_go/include/unitree_go/unitree_go/msg/detail/low_cmd__rosidl_typesupport_introspection_cpp.hpp
[9.111s] -- Installing: /home/robot/Hiking_deploy/unitree_ros2/cyclonedds_ws/install/unitree_go/include/unitree_go/unitree_go/msg/detail/audio_data__rosidl_typesupport_introspection_cpp.hpp
[9.111s] -- Installing: /home/robot/Hiking_deploy/unitree_ros2/cyclonedds_ws/install/unitree_go/include/unitree_go/unitree_go/msg/detail/motor_cmds__type_support.cpp
[9.111s] -- Installing: /home/robot/Hiking_deploy/unitree_ros2/cyclonedds_ws/install/unitree_go/include/unitree_go/unitree_go/msg/detail/sport_mode_cmd__type_support.cpp
[9.111s] -- Installing: /home/robot/Hiking_deploy/unitree_ros2/cyclonedds_ws/install/unitree_go/include/unitree_go/unitree_go/msg/detail/interface_config__rosidl_typesupport_introspection_cpp.hpp
[9.111s] -- Installing: /home/robot/Hiking_deploy/unitree_ros2/cyclonedds_ws/install/unitree_go/include/unitree_go/unitree_go/msg/detail/sport_mode_cmd__rosidl_typesupport_introspection_cpp.hpp
[9.111s] -- Installing: /home/robot/Hiking_deploy/unitree_ros2/cyclonedds_ws/install/unitree_go/include/unitree_go/unitree_go/msg/detail/height_map__type_support.cpp
[9.111s] -- Installing: /home/robot/Hiking_deploy/unitree_ros2/cyclonedds_ws/install/unitree_go/include/unitree_go/unitree_go/msg/detail/bms_cmd__rosidl_typesupport_introspection_cpp.hpp
[9.111s] -- Installing: /home/robot/Hiking_deploy/unitree_ros2/cyclonedds_ws/install/unitree_go/include/unitree_go/unitree_go/msg/detail/height_map__rosidl_typesupport_introspection_cpp.hpp
[9.111s] -- Installing: /home/robot/Hiking_deploy/unitree_ros2/cyclonedds_ws/install/unitree_go/include/unitree_go/unitree_go/msg/detail/low_state__rosidl_typesupport_introspection_cpp.hpp
[9.111s] -- Installing: /home/robot/Hiking_deploy/unitree_ros2/cyclonedds_ws/install/unitree_go/include/unitree_go/unitree_go/msg/detail/res__type_support.cpp
[9.111s] -- Installing: /home/robot/Hiking_deploy/unitree_ros2/cyclonedds_ws/install/unitree_go/include/unitree_go/unitree_go/msg/detail/bms_state__rosidl_typesupport_introspection_cpp.hpp
[9.111s] -- Installing: /home/robot/Hiking_deploy/unitree_ros2/cyclonedds_ws/install/unitree_go/include/unitree_go/unitree_go/msg/detail/req__type_support.cpp
[9.111s] -- Installing: /home/robot/Hiking_deploy/unitree_ros2/cyclonedds_ws/install/unitree_go/include/unitree_go/unitree_go/msg/detail/imu_state__rosidl_typesupport_introspection_cpp.hpp
[9.111s] -- Installing: /home/robot/Hiking_deploy/unitree_ros2/cyclonedds_ws/install/unitree_go/include/unitree_go/unitree_go/msg/detail/sport_mode_state__type_support.cpp
[9.111s] -- Installing: /home/robot/Hiking_deploy/unitree_ros2/cyclonedds_ws/install/unitree_go/include/unitree_go/unitree_go/msg/detail/go2_front_video_data__rosidl_typesupport_introspection_cpp.hpp
[9.111s] -- Installing: /home/robot/Hiking_deploy/unitree_ros2/cyclonedds_ws/install/unitree_go/include/unitree_go/unitree_go/msg/detail/time_spec__type_support.cpp
[9.111s] -- Installing: /home/robot/Hiking_deploy/unitree_ros2/cyclonedds_ws/install/unitree_go/include/unitree_go/unitree_go/msg/detail/low_state__type_support.cpp
[9.111s] -- Installing: /home/robot/Hiking_deploy/unitree_ros2/cyclonedds_ws/install/unitree_go/include/unitree_go/unitree_go/msg/detail/path_point__type_support.cpp
[9.111s] -- Installing: /home/robot/Hiking_deploy/unitree_ros2/cyclonedds_ws/install/unitree_go/include/unitree_go/unitree_go/msg/detail/error__rosidl_typesupport_introspection_cpp.hpp
[9.111s] -- Installing: /home/robot/Hiking_deploy/unitree_ros2/cyclonedds_ws/install/unitree_go/include/unitree_go/unitree_go/msg/detail/motor_cmds__rosidl_typesupport_introspection_cpp.hpp
[9.111s] -- Installing: /home/robot/Hiking_deploy/unitree_ros2/cyclonedds_ws/install/unitree_go/include/unitree_go/unitree_go/msg/detail/bms_state__type_support.cpp
[9.111s] -- Installing: /home/robot/Hiking_deploy/unitree_ros2/cyclonedds_ws/install/unitree_go/lib/libunitree_go__rosidl_typesupport_introspection_cpp.so
[9.112s] -- Set runtime path of "/home/robot/Hiking_deploy/unitree_ros2/cyclonedds_ws/install/unitree_go/lib/libunitree_go__rosidl_typesupport_introspection_cpp.so" to ""
[9.112s] -- Installing: /home/robot/Hiking_deploy/unitree_ros2/cyclonedds_ws/install/unitree_go/lib/libunitree_go__rosidl_typesupport_cpp.so
[9.112s] -- Set runtime path of "/home/robot/Hiking_deploy/unitree_ros2/cyclonedds_ws/install/unitree_go/lib/libunitree_go__rosidl_typesupport_cpp.so" to ""
[9.112s] -- Installing: /home/robot/Hiking_deploy/unitree_ros2/cyclonedds_ws/install/unitree_go/share/unitree_go/environment/pythonpath.sh
[9.112s] -- Installing: /home/robot/Hiking_deploy/unitree_ros2/cyclonedds_ws/install/unitree_go/share/unitree_go/environment/pythonpath.dsv
[9.112s] -- Installing: /home/robot/Hiking_deploy/unitree_ros2/cyclonedds_ws/install/unitree_go/lib/python3.10/site-packages/unitree_go-0.0.0-py3.10.egg-info
[9.112s] -- Installing: /home/robot/Hiking_deploy/unitree_ros2/cyclonedds_ws/install/unitree_go/lib/python3.10/site-packages/unitree_go-0.0.0-py3.10.egg-info/SOURCES.txt
[9.112s] -- Installing: /home/robot/Hiking_deploy/unitree_ros2/cyclonedds_ws/install/unitree_go/lib/python3.10/site-packages/unitree_go-0.0.0-py3.10.egg-info/PKG-INFO
[9.112s] -- Installing: /home/robot/Hiking_deploy/unitree_ros2/cyclonedds_ws/install/unitree_go/lib/python3.10/site-packages/unitree_go-0.0.0-py3.10.egg-info/dependency_links.txt
[9.112s] -- Installing: /home/robot/Hiking_deploy/unitree_ros2/cyclonedds_ws/install/unitree_go/lib/python3.10/site-packages/unitree_go-0.0.0-py3.10.egg-info/top_level.txt
[9.112s] -- Installing: /home/robot/Hiking_deploy/unitree_ros2/cyclonedds_ws/install/unitree_go/lib/python3.10/site-packages/unitree_go
[9.112s] -- Installing: /home/robot/Hiking_deploy/unitree_ros2/cyclonedds_ws/install/unitree_go/lib/python3.10/site-packages/unitree_go/_unitree_go_s.ep.rosidl_typesupport_c.c
[9.112s] -- Installing: /home/robot/Hiking_deploy/unitree_ros2/cyclonedds_ws/install/unitree_go/lib/python3.10/site-packages/unitree_go/_unitree_go_s.ep.rosidl_typesupport_introspection_c.c
[9.112s] -- Installing: /home/robot/Hiking_deploy/unitree_ros2/cyclonedds_ws/install/unitree_go/lib/python3.10/site-packages/unitree_go/libunitree_go__rosidl_generator_py.so
[9.113s] -- Installing: /home/robot/Hiking_deploy/unitree_ros2/cyclonedds_ws/install/unitree_go/lib/python3.10/site-packages/unitree_go/_unitree_go_s.ep.rosidl_typesupport_fastrtps_c.c
[9.113s] -- Installing: /home/robot/Hiking_deploy/unitree_ros2/cyclonedds_ws/install/unitree_go/lib/python3.10/site-packages/unitree_go/unitree_go_s__rosidl_typesupport_introspection_c.cpython-310-x86_64-linux-gnu.so
[9.113s] -- Installing: /home/robot/Hiking_deploy/unitree_ros2/cyclonedds_ws/install/unitree_go/lib/python3.10/site-packages/unitree_go/__init__.py
[9.113s] -- Installing: /home/robot/Hiking_deploy/unitree_ros2/cyclonedds_ws/install/unitree_go/lib/python3.10/site-packages/unitree_go/msg
[9.113s] -- Installing: /home/robot/Hiking_deploy/unitree_ros2/cyclonedds_ws/install/unitree_go/lib/python3.10/site-packages/unitree_go/msg/_height_map_s.c
[9.113s] -- Installing: /home/robot/Hiking_deploy/unitree_ros2/cyclonedds_ws/install/unitree_go/lib/python3.10/site-packages/unitree_go/msg/_error_s.c
[9.113s] -- Installing: /home/robot/Hiking_deploy/unitree_ros2/cyclonedds_ws/install/unitree_go/lib/python3.10/site-packages/unitree_go/msg/_low_state.py
[9.113s] -- Installing: /home/robot/Hiking_deploy/unitree_ros2/cyclonedds_ws/install/unitree_go/lib/python3.10/site-packages/unitree_go/msg/_res_s.c
[9.113s] -- Installing: /home/robot/Hiking_deploy/unitree_ros2/cyclonedds_ws/install/unitree_go/lib/python3.10/site-packages/unitree_go/msg/_uwb_switch_s.c
[9.113s] -- Installing: /home/robot/Hiking_deploy/unitree_ros2/cyclonedds_ws/install/unitree_go/lib/python3.10/site-packages/unitree_go/msg/_motor_cmd_s.c
[9.113s] -- Installing: /home/robot/Hiking_deploy/unitree_ros2/cyclonedds_ws/install/unitree_go/lib/python3.10/site-packages/unitree_go/msg/_motor_state.py
[9.113s] -- Installing: /home/robot/Hiking_deploy/unitree_ros2/cyclonedds_ws/install/unitree_go/lib/python3.10/site-packages/unitree_go/msg/_sport_mode_state.py
[9.113s] -- Installing: /home/robot/Hiking_deploy/unitree_ros2/cyclonedds_ws/install/unitree_go/lib/python3.10/site-packages/unitree_go/msg/_imu_state_s.c
[9.113s] -- Installing: /home/robot/Hiking_deploy/unitree_ros2/cyclonedds_ws/install/unitree_go/lib/python3.10/site-packages/unitree_go/msg/_bms_cmd.py
[9.113s] -- Installing: /home/robot/Hiking_deploy/unitree_ros2/cyclonedds_ws/install/unitree_go/lib/python3.10/site-packages/unitree_go/msg/_path_point_s.c
[9.113s] -- Installing: /home/robot/Hiking_deploy/unitree_ros2/cyclonedds_ws/install/unitree_go/lib/python3.10/site-packages/unitree_go/msg/_bms_state.py
[9.113s] -- Installing: /home/robot/Hiking_deploy/unitree_ros2/cyclonedds_ws/install/unitree_go/lib/python3.10/site-packages/unitree_go/msg/_time_spec.py
[9.113s] -- Installing: /home/robot/Hiking_deploy/unitree_ros2/cyclonedds_ws/install/unitree_go/lib/python3.10/site-packages/unitree_go/msg/_low_state_s.c
[9.113s] -- Installing: /home/robot/Hiking_deploy/unitree_ros2/cyclonedds_ws/install/unitree_go/lib/python3.10/site-packages/unitree_go/msg/_imu_state.py
[9.113s] -- Installing: /home/robot/Hiking_deploy/unitree_ros2/cyclonedds_ws/install/unitree_go/lib/python3.10/site-packages/unitree_go/msg/_path_point.py
[9.113s] -- Installing: /home/robot/Hiking_deploy/unitree_ros2/cyclonedds_ws/install/unitree_go/lib/python3.10/site-packages/unitree_go/msg/_lidar_state.py
[9.113s] -- Installing: /home/robot/Hiking_deploy/unitree_ros2/cyclonedds_ws/install/unitree_go/lib/python3.10/site-packages/unitree_go/msg/_wireless_controller_s.c
[9.113s] -- Installing: /home/robot/Hiking_deploy/unitree_ros2/cyclonedds_ws/install/unitree_go/lib/python3.10/site-packages/unitree_go/msg/_time_spec_s.c
[9.114s] -- Installing: /home/robot/Hiking_deploy/unitree_ros2/cyclonedds_ws/install/unitree_go/lib/python3.10/site-packages/unitree_go/msg/_res.py
[9.114s] -- Installing: /home/robot/Hiking_deploy/unitree_ros2/cyclonedds_ws/install/unitree_go/lib/python3.10/site-packages/unitree_go/msg/_lidar_state_s.c
[9.114s] -- Installing: /home/robot/Hiking_deploy/unitree_ros2/cyclonedds_ws/install/unitree_go/lib/python3.10/site-packages/unitree_go/msg/__init__.py
[9.114s] -- Installing: /home/robot/Hiking_deploy/unitree_ros2/cyclonedds_ws/install/unitree_go/lib/python3.10/site-packages/unitree_go/msg/_bms_cmd_s.c
[9.114s] -- Installing: /home/robot/Hiking_deploy/unitree_ros2/cyclonedds_ws/install/unitree_go/lib/python3.10/site-packages/unitree_go/msg/_audio_data.py
[9.114s] -- Installing: /home/robot/Hiking_deploy/unitree_ros2/cyclonedds_ws/install/unitree_go/lib/python3.10/site-packages/unitree_go/msg/_wireless_controller.py
[9.114s] -- Installing: /home/robot/Hiking_deploy/unitree_ros2/cyclonedds_ws/install/unitree_go/lib/python3.10/site-packages/unitree_go/msg/_motor_cmds_s.c
[9.114s] -- Installing: /home/robot/Hiking_deploy/unitree_ros2/cyclonedds_ws/install/unitree_go/lib/python3.10/site-packages/unitree_go/msg/_error.py
[9.114s] -- Installing: /home/robot/Hiking_deploy/unitree_ros2/cyclonedds_ws/install/unitree_go/lib/python3.10/site-packages/unitree_go/msg/_go2_front_video_data.py
[9.114s] -- Installing: /home/robot/Hiking_deploy/unitree_ros2/cyclonedds_ws/install/unitree_go/lib/python3.10/site-packages/unitree_go/msg/_low_cmd.py
[9.114s] -- Installing: /home/robot/Hiking_deploy/unitree_ros2/cyclonedds_ws/install/unitree_go/lib/python3.10/site-packages/unitree_go/msg/_interface_config.py
[9.114s] -- Installing: /home/robot/Hiking_deploy/unitree_ros2/cyclonedds_ws/install/unitree_go/lib/python3.10/site-packages/unitree_go/msg/_uwb_state_s.c
[9.114s] -- Installing: /home/robot/Hiking_deploy/unitree_ros2/cyclonedds_ws/install/unitree_go/lib/python3.10/site-packages/unitree_go/msg/_uwb_state.py
[9.114s] -- Installing: /home/robot/Hiking_deploy/unitree_ros2/cyclonedds_ws/install/unitree_go/lib/python3.10/site-packages/unitree_go/msg/_uwb_switch.py
[9.114s] -- Installing: /home/robot/Hiking_deploy/unitree_ros2/cyclonedds_ws/install/unitree_go/lib/python3.10/site-packages/unitree_go/msg/_sport_mode_state_s.c
[9.114s] -- Installing: /home/robot/Hiking_deploy/unitree_ros2/cyclonedds_ws/install/unitree_go/lib/python3.10/site-packages/unitree_go/msg/_motor_cmd.py
[9.114s] -- Installing: /home/robot/Hiking_deploy/unitree_ros2/cyclonedds_ws/install/unitree_go/lib/python3.10/site-packages/unitree_go/msg/_motor_states.py
[9.114s] -- Installing: /home/robot/Hiking_deploy/unitree_ros2/cyclonedds_ws/install/unitree_go/lib/python3.10/site-packages/unitree_go/msg/_motor_state_s.c
[9.114s] -- Installing: /home/robot/Hiking_deploy/unitree_ros2/cyclonedds_ws/install/unitree_go/lib/python3.10/site-packages/unitree_go/msg/_sport_mode_cmd_s.c
[9.114s] -- Installing: /home/robot/Hiking_deploy/unitree_ros2/cyclonedds_ws/install/unitree_go/lib/python3.10/site-packages/unitree_go/msg/_height_map.py
[9.114s] -- Installing: /home/robot/Hiking_deploy/unitree_ros2/cyclonedds_ws/install/unitree_go/lib/python3.10/site-packages/unitree_go/msg/_go2_front_video_data_s.c
[9.114s] -- Installing: /home/robot/Hiking_deploy/unitree_ros2/cyclonedds_ws/install/unitree_go/lib/python3.10/site-packages/unitree_go/msg/_motor_cmds.py
[9.114s] -- Installing: /home/robot/Hiking_deploy/unitree_ros2/cyclonedds_ws/install/unitree_go/lib/python3.10/site-packages/unitree_go/msg/_req.py
[9.114s] -- Installing: /home/robot/Hiking_deploy/unitree_ros2/cyclonedds_ws/install/unitree_go/lib/python3.10/site-packages/unitree_go/msg/_req_s.c
[9.114s] -- Installing: /home/robot/Hiking_deploy/unitree_ros2/cyclonedds_ws/install/unitree_go/lib/python3.10/site-packages/unitree_go/msg/_bms_state_s.c
[9.114s] -- Installing: /home/robot/Hiking_deploy/unitree_ros2/cyclonedds_ws/install/unitree_go/lib/python3.10/site-packages/unitree_go/msg/_sport_mode_cmd.py
[9.115s] -- Installing: /home/robot/Hiking_deploy/unitree_ros2/cyclonedds_ws/install/unitree_go/lib/python3.10/site-packages/unitree_go/msg/_motor_states_s.c
[9.115s] -- Installing: /home/robot/Hiking_deploy/unitree_ros2/cyclonedds_ws/install/unitree_go/lib/python3.10/site-packages/unitree_go/msg/_interface_config_s.c
[9.115s] -- Installing: /home/robot/Hiking_deploy/unitree_ros2/cyclonedds_ws/install/unitree_go/lib/python3.10/site-packages/unitree_go/msg/_audio_data_s.c
[9.115s] -- Installing: /home/robot/Hiking_deploy/unitree_ros2/cyclonedds_ws/install/unitree_go/lib/python3.10/site-packages/unitree_go/msg/_low_cmd_s.c
[9.115s] -- Installing: /home/robot/Hiking_deploy/unitree_ros2/cyclonedds_ws/install/unitree_go/lib/python3.10/site-packages/unitree_go/unitree_go_s__rosidl_typesupport_c.cpython-310-x86_64-linux-gnu.so
[9.115s] -- Installing: /home/robot/Hiking_deploy/unitree_ros2/cyclonedds_ws/install/unitree_go/lib/python3.10/site-packages/unitree_go/unitree_go_s__rosidl_typesupport_fastrtps_c.cpython-310-x86_64-linux-gnu.so
[9.157s] Listing '/home/robot/Hiking_deploy/unitree_ros2/cyclonedds_ws/install/unitree_go/lib/python3.10/site-packages/unitree_go'...
[9.157s] Compiling '/home/robot/Hiking_deploy/unitree_ros2/cyclonedds_ws/install/unitree_go/lib/python3.10/site-packages/unitree_go/__init__.py'...
[9.157s] Listing '/home/robot/Hiking_deploy/unitree_ros2/cyclonedds_ws/install/unitree_go/lib/python3.10/site-packages/unitree_go/msg'...
[9.157s] Compiling '/home/robot/Hiking_deploy/unitree_ros2/cyclonedds_ws/install/unitree_go/lib/python3.10/site-packages/unitree_go/msg/__init__.py'...
[9.157s] Compiling '/home/robot/Hiking_deploy/unitree_ros2/cyclonedds_ws/install/unitree_go/lib/python3.10/site-packages/unitree_go/msg/_audio_data.py'...
[9.157s] Compiling '/home/robot/Hiking_deploy/unitree_ros2/cyclonedds_ws/install/unitree_go/lib/python3.10/site-packages/unitree_go/msg/_bms_cmd.py'...
[9.157s] Compiling '/home/robot/Hiking_deploy/unitree_ros2/cyclonedds_ws/install/unitree_go/lib/python3.10/site-packages/unitree_go/msg/_bms_state.py'...
[9.157s] Compiling '/home/robot/Hiking_deploy/unitree_ros2/cyclonedds_ws/install/unitree_go/lib/python3.10/site-packages/unitree_go/msg/_error.py'...
[9.157s] Compiling '/home/robot/Hiking_deploy/unitree_ros2/cyclonedds_ws/install/unitree_go/lib/python3.10/site-packages/unitree_go/msg/_go2_front_video_data.py'...
[9.157s] Compiling '/home/robot/Hiking_deploy/unitree_ros2/cyclonedds_ws/install/unitree_go/lib/python3.10/site-packages/unitree_go/msg/_height_map.py'...
[9.157s] Compiling '/home/robot/Hiking_deploy/unitree_ros2/cyclonedds_ws/install/unitree_go/lib/python3.10/site-packages/unitree_go/msg/_imu_state.py'...
[9.157s] Compiling '/home/robot/Hiking_deploy/unitree_ros2/cyclonedds_ws/install/unitree_go/lib/python3.10/site-packages/unitree_go/msg/_interface_config.py'...
[9.157s] Compiling '/home/robot/Hiking_deploy/unitree_ros2/cyclonedds_ws/install/unitree_go/lib/python3.10/site-packages/unitree_go/msg/_lidar_state.py'...
[9.157s] Compiling '/home/robot/Hiking_deploy/unitree_ros2/cyclonedds_ws/install/unitree_go/lib/python3.10/site-packages/unitree_go/msg/_low_cmd.py'...
[9.157s] Compiling '/home/robot/Hiking_deploy/unitree_ros2/cyclonedds_ws/install/unitree_go/lib/python3.10/site-packages/unitree_go/msg/_low_state.py'...
[9.157s] Compiling '/home/robot/Hiking_deploy/unitree_ros2/cyclonedds_ws/install/unitree_go/lib/python3.10/site-packages/unitree_go/msg/_motor_cmd.py'...
[9.157s] Compiling '/home/robot/Hiking_deploy/unitree_ros2/cyclonedds_ws/install/unitree_go/lib/python3.10/site-packages/unitree_go/msg/_motor_cmds.py'...
[9.157s] Compiling '/home/robot/Hiking_deploy/unitree_ros2/cyclonedds_ws/install/unitree_go/lib/python3.10/site-packages/unitree_go/msg/_motor_state.py'...
[9.157s] Compiling '/home/robot/Hiking_deploy/unitree_ros2/cyclonedds_ws/install/unitree_go/lib/python3.10/site-packages/unitree_go/msg/_motor_states.py'...
[9.157s] Compiling '/home/robot/Hiking_deploy/unitree_ros2/cyclonedds_ws/install/unitree_go/lib/python3.10/site-packages/unitree_go/msg/_path_point.py'...
[9.157s] Compiling '/home/robot/Hiking_deploy/unitree_ros2/cyclonedds_ws/install/unitree_go/lib/python3.10/site-packages/unitree_go/msg/_req.py'...
[9.157s] Compiling '/home/robot/Hiking_deploy/unitree_ros2/cyclonedds_ws/install/unitree_go/lib/python3.10/site-packages/unitree_go/msg/_res.py'...
[9.157s] Compiling '/home/robot/Hiking_deploy/unitree_ros2/cyclonedds_ws/install/unitree_go/lib/python3.10/site-packages/unitree_go/msg/_sport_mode_cmd.py'...
[9.157s] Compiling '/home/robot/Hiking_deploy/unitree_ros2/cyclonedds_ws/install/unitree_go/lib/python3.10/site-packages/unitree_go/msg/_sport_mode_state.py'...
[9.157s] Compiling '/home/robot/Hiking_deploy/unitree_ros2/cyclonedds_ws/install/unitree_go/lib/python3.10/site-packages/unitree_go/msg/_time_spec.py'...
[9.157s] Compiling '/home/robot/Hiking_deploy/unitree_ros2/cyclonedds_ws/install/unitree_go/lib/python3.10/site-packages/unitree_go/msg/_uwb_state.py'...
[9.157s] Compiling '/home/robot/Hiking_deploy/unitree_ros2/cyclonedds_ws/install/unitree_go/lib/python3.10/site-packages/unitree_go/msg/_uwb_switch.py'...
[9.157s] Compiling '/home/robot/Hiking_deploy/unitree_ros2/cyclonedds_ws/install/unitree_go/lib/python3.10/site-packages/unitree_go/msg/_wireless_controller.py'...
[9.160s] -- Installing: /home/robot/Hiking_deploy/unitree_ros2/cyclonedds_ws/install/unitree_go/lib/python3.10/site-packages/unitree_go/unitree_go_s__rosidl_typesupport_fastrtps_c.cpython-310-x86_64-linux-gnu.so
[9.160s] -- Set runtime path of "/home/robot/Hiking_deploy/unitree_ros2/cyclonedds_ws/install/unitree_go/lib/python3.10/site-packages/unitree_go/unitree_go_s__rosidl_typesupport_fastrtps_c.cpython-310-x86_64-linux-gnu.so" to ""
[9.160s] -- Installing: /home/robot/Hiking_deploy/unitree_ros2/cyclonedds_ws/install/unitree_go/lib/python3.10/site-packages/unitree_go/unitree_go_s__rosidl_typesupport_introspection_c.cpython-310-x86_64-linux-gnu.so
[9.160s] -- Set runtime path of "/home/robot/Hiking_deploy/unitree_ros2/cyclonedds_ws/install/unitree_go/lib/python3.10/site-packages/unitree_go/unitree_go_s__rosidl_typesupport_introspection_c.cpython-310-x86_64-linux-gnu.so" to ""
[9.160s] -- Installing: /home/robot/Hiking_deploy/unitree_ros2/cyclonedds_ws/install/unitree_go/lib/python3.10/site-packages/unitree_go/unitree_go_s__rosidl_typesupport_c.cpython-310-x86_64-linux-gnu.so
[9.161s] -- Set runtime path of "/home/robot/Hiking_deploy/unitree_ros2/cyclonedds_ws/install/unitree_go/lib/python3.10/site-packages/unitree_go/unitree_go_s__rosidl_typesupport_c.cpython-310-x86_64-linux-gnu.so" to ""
[9.161s] -- Installing: /home/robot/Hiking_deploy/unitree_ros2/cyclonedds_ws/install/unitree_go/lib/libunitree_go__rosidl_generator_py.so
[9.161s] -- Set runtime path of "/home/robot/Hiking_deploy/unitree_ros2/cyclonedds_ws/install/unitree_go/lib/libunitree_go__rosidl_generator_py.so" to ""
[9.161s] -- Installing: /home/robot/Hiking_deploy/unitree_ros2/cyclonedds_ws/install/unitree_go/share/ament_index/resource_index/rust_packages/unitree_go
[9.161s] -- Installing: /home/robot/Hiking_deploy/unitree_ros2/cyclonedds_ws/install/unitree_go/share/unitree_go/rust
[9.161s] -- Installing: /home/robot/Hiking_deploy/unitree_ros2/cyclonedds_ws/install/unitree_go/share/unitree_go/rust/Cargo.toml
[9.161s] -- Installing: /home/robot/Hiking_deploy/unitree_ros2/cyclonedds_ws/install/unitree_go/share/unitree_go/rust/build.rs
[9.161s] -- Installing: /home/robot/Hiking_deploy/unitree_ros2/cyclonedds_ws/install/unitree_go/share/unitree_go/rust/src
[9.161s] -- Installing: /home/robot/Hiking_deploy/unitree_ros2/cyclonedds_ws/install/unitree_go/share/unitree_go/rust/src/msg.rs
[9.161s] -- Installing: /home/robot/Hiking_deploy/unitree_ros2/cyclonedds_ws/install/unitree_go/share/unitree_go/rust/src/msg
[9.161s] -- Installing: /home/robot/Hiking_deploy/unitree_ros2/cyclonedds_ws/install/unitree_go/share/unitree_go/rust/src/msg/rmw.rs
[9.161s] -- Installing: /home/robot/Hiking_deploy/unitree_ros2/cyclonedds_ws/install/unitree_go/share/unitree_go/rust/src/lib.rs
[9.161s] -- Installing: /home/robot/Hiking_deploy/unitree_ros2/cyclonedds_ws/install/unitree_go/share/unitree_go/msg/AudioData.idl
[9.162s] -- Installing: /home/robot/Hiking_deploy/unitree_ros2/cyclonedds_ws/install/unitree_go/share/unitree_go/msg/BmsCmd.idl
[9.162s] -- Installing: /home/robot/Hiking_deploy/unitree_ros2/cyclonedds_ws/install/unitree_go/share/unitree_go/msg/BmsState.idl
[9.162s] -- Installing: /home/robot/Hiking_deploy/unitree_ros2/cyclonedds_ws/install/unitree_go/share/unitree_go/msg/Error.idl
[9.162s] -- Installing: /home/robot/Hiking_deploy/unitree_ros2/cyclonedds_ws/install/unitree_go/share/unitree_go/msg/Go2FrontVideoData.idl
[9.162s] -- Installing: /home/robot/Hiking_deploy/unitree_ros2/cyclonedds_ws/install/unitree_go/share/unitree_go/msg/HeightMap.idl
[9.162s] -- Installing: /home/robot/Hiking_deploy/unitree_ros2/cyclonedds_ws/install/unitree_go/share/unitree_go/msg/IMUState.idl
[9.162s] -- Installing: /home/robot/Hiking_deploy/unitree_ros2/cyclonedds_ws/install/unitree_go/share/unitree_go/msg/InterfaceConfig.idl
[9.162s] -- Installing: /home/robot/Hiking_deploy/unitree_ros2/cyclonedds_ws/install/unitree_go/share/unitree_go/msg/LidarState.idl
[9.162s] -- Installing: /home/robot/Hiking_deploy/unitree_ros2/cyclonedds_ws/install/unitree_go/share/unitree_go/msg/LowCmd.idl
[9.162s] -- Installing: /home/robot/Hiking_deploy/unitree_ros2/cyclonedds_ws/install/unitree_go/share/unitree_go/msg/LowState.idl
[9.162s] -- Installing: /home/robot/Hiking_deploy/unitree_ros2/cyclonedds_ws/install/unitree_go/share/unitree_go/msg/MotorCmd.idl
[9.162s] -- Installing: /home/robot/Hiking_deploy/unitree_ros2/cyclonedds_ws/install/unitree_go/share/unitree_go/msg/MotorCmds.idl
[9.162s] -- Installing: /home/robot/Hiking_deploy/unitree_ros2/cyclonedds_ws/install/unitree_go/share/unitree_go/msg/MotorState.idl
[9.162s] -- Installing: /home/robot/Hiking_deploy/unitree_ros2/cyclonedds_ws/install/unitree_go/share/unitree_go/msg/MotorStates.idl
[9.162s] -- Installing: /home/robot/Hiking_deploy/unitree_ros2/cyclonedds_ws/install/unitree_go/share/unitree_go/msg/PathPoint.idl
[9.162s] -- Installing: /home/robot/Hiking_deploy/unitree_ros2/cyclonedds_ws/install/unitree_go/share/unitree_go/msg/Req.idl
[9.162s] -- Installing: /home/robot/Hiking_deploy/unitree_ros2/cyclonedds_ws/install/unitree_go/share/unitree_go/msg/Res.idl
[9.162s] -- Installing: /home/robot/Hiking_deploy/unitree_ros2/cyclonedds_ws/install/unitree_go/share/unitree_go/msg/SportModeCmd.idl
[9.162s] -- Installing: /home/robot/Hiking_deploy/unitree_ros2/cyclonedds_ws/install/unitree_go/share/unitree_go/msg/SportModeState.idl
[9.163s] -- Installing: /home/robot/Hiking_deploy/unitree_ros2/cyclonedds_ws/install/unitree_go/share/unitree_go/msg/TimeSpec.idl
[9.163s] -- Installing: /home/robot/Hiking_deploy/unitree_ros2/cyclonedds_ws/install/unitree_go/share/unitree_go/msg/UwbState.idl
[9.163s] -- Installing: /home/robot/Hiking_deploy/unitree_ros2/cyclonedds_ws/install/unitree_go/share/unitree_go/msg/UwbSwitch.idl
[9.163s] -- Installing: /home/robot/Hiking_deploy/unitree_ros2/cyclonedds_ws/install/unitree_go/share/unitree_go/msg/WirelessController.idl
[9.163s] -- Installing: /home/robot/Hiking_deploy/unitree_ros2/cyclonedds_ws/install/unitree_go/share/unitree_go/msg/AudioData.msg
[9.163s] -- Installing: /home/robot/Hiking_deploy/unitree_ros2/cyclonedds_ws/install/unitree_go/share/unitree_go/msg/BmsCmd.msg
[9.163s] -- Installing: /home/robot/Hiking_deploy/unitree_ros2/cyclonedds_ws/install/unitree_go/share/unitree_go/msg/BmsState.msg
[9.163s] -- Installing: /home/robot/Hiking_deploy/unitree_ros2/cyclonedds_ws/install/unitree_go/share/unitree_go/msg/Error.msg
[9.163s] -- Installing: /home/robot/Hiking_deploy/unitree_ros2/cyclonedds_ws/install/unitree_go/share/unitree_go/msg/Go2FrontVideoData.msg
[9.163s] -- Installing: /home/robot/Hiking_deploy/unitree_ros2/cyclonedds_ws/install/unitree_go/share/unitree_go/msg/HeightMap.msg
[9.163s] -- Installing: /home/robot/Hiking_deploy/unitree_ros2/cyclonedds_ws/install/unitree_go/share/unitree_go/msg/IMUState.msg
[9.163s] -- Installing: /home/robot/Hiking_deploy/unitree_ros2/cyclonedds_ws/install/unitree_go/share/unitree_go/msg/InterfaceConfig.msg
[9.163s] -- Installing: /home/robot/Hiking_deploy/unitree_ros2/cyclonedds_ws/install/unitree_go/share/unitree_go/msg/LidarState.msg
[9.163s] -- Installing: /home/robot/Hiking_deploy/unitree_ros2/cyclonedds_ws/install/unitree_go/share/unitree_go/msg/LowCmd.msg
[9.163s] -- Installing: /home/robot/Hiking_deploy/unitree_ros2/cyclonedds_ws/install/unitree_go/share/unitree_go/msg/LowState.msg
[9.163s] -- Installing: /home/robot/Hiking_deploy/unitree_ros2/cyclonedds_ws/install/unitree_go/share/unitree_go/msg/MotorCmd.msg
[9.163s] -- Installing: /home/robot/Hiking_deploy/unitree_ros2/cyclonedds_ws/install/unitree_go/share/unitree_go/msg/MotorCmds.msg
[9.163s] -- Installing: /home/robot/Hiking_deploy/unitree_ros2/cyclonedds_ws/install/unitree_go/share/unitree_go/msg/MotorState.msg
[9.164s] -- Installing: /home/robot/Hiking_deploy/unitree_ros2/cyclonedds_ws/install/unitree_go/share/unitree_go/msg/MotorStates.msg
[9.164s] -- Installing: /home/robot/Hiking_deploy/unitree_ros2/cyclonedds_ws/install/unitree_go/share/unitree_go/msg/PathPoint.msg
[9.164s] -- Installing: /home/robot/Hiking_deploy/unitree_ros2/cyclonedds_ws/install/unitree_go/share/unitree_go/msg/Req.msg
[9.164s] -- Installing: /home/robot/Hiking_deploy/unitree_ros2/cyclonedds_ws/install/unitree_go/share/unitree_go/msg/Res.msg
[9.164s] -- Installing: /home/robot/Hiking_deploy/unitree_ros2/cyclonedds_ws/install/unitree_go/share/unitree_go/msg/SportModeCmd.msg
[9.164s] -- Installing: /home/robot/Hiking_deploy/unitree_ros2/cyclonedds_ws/install/unitree_go/share/unitree_go/msg/SportModeState.msg
[9.164s] -- Installing: /home/robot/Hiking_deploy/unitree_ros2/cyclonedds_ws/install/unitree_go/share/unitree_go/msg/TimeSpec.msg
[9.164s] -- Installing: /home/robot/Hiking_deploy/unitree_ros2/cyclonedds_ws/install/unitree_go/share/unitree_go/msg/UwbState.msg
[9.164s] -- Installing: /home/robot/Hiking_deploy/unitree_ros2/cyclonedds_ws/install/unitree_go/share/unitree_go/msg/UwbSwitch.msg
[9.164s] -- Installing: /home/robot/Hiking_deploy/unitree_ros2/cyclonedds_ws/install/unitree_go/share/unitree_go/msg/WirelessController.msg
[9.164s] -- Installing: /home/robot/Hiking_deploy/unitree_ros2/cyclonedds_ws/install/unitree_go/share/unitree_go/msg/dds_connext
[9.164s] -- Installing: /home/robot/Hiking_deploy/unitree_ros2/cyclonedds_ws/install/unitree_go/share/unitree_go/msg/dds_connext/MotorCmd_.idl
[9.164s] -- Installing: /home/robot/Hiking_deploy/unitree_ros2/cyclonedds_ws/install/unitree_go/share/unitree_go/msg/dds_connext/LidarState_.idl
[9.164s] -- Installing: /home/robot/Hiking_deploy/unitree_ros2/cyclonedds_ws/install/unitree_go/share/unitree_go/msg/dds_connext/Error_.idl
[9.164s] -- Installing: /home/robot/Hiking_deploy/unitree_ros2/cyclonedds_ws/install/unitree_go/share/unitree_go/msg/dds_connext/BmsState_.idl
[9.164s] -- Installing: /home/robot/Hiking_deploy/unitree_ros2/cyclonedds_ws/install/unitree_go/share/unitree_go/msg/dds_connext/HeightMap_.idl
[9.164s] -- Installing: /home/robot/Hiking_deploy/unitree_ros2/cyclonedds_ws/install/unitree_go/share/unitree_go/msg/dds_connext/LowCmd_.idl
[9.164s] -- Installing: /home/robot/Hiking_deploy/unitree_ros2/cyclonedds_ws/install/unitree_go/share/unitree_go/msg/dds_connext/AudioData_.idl
[9.164s] -- Installing: /home/robot/Hiking_deploy/unitree_ros2/cyclonedds_ws/install/unitree_go/share/unitree_go/msg/dds_connext/IMUState_.idl
[9.164s] -- Installing: /home/robot/Hiking_deploy/unitree_ros2/cyclonedds_ws/install/unitree_go/share/unitree_go/msg/dds_connext/SportModeState_.idl
[9.164s] -- Installing: /home/robot/Hiking_deploy/unitree_ros2/cyclonedds_ws/install/unitree_go/share/unitree_go/msg/dds_connext/LowState_.idl
[9.164s] -- Installing: /home/robot/Hiking_deploy/unitree_ros2/cyclonedds_ws/install/unitree_go/share/unitree_go/msg/dds_connext/MotorCmds_.idl
[9.164s] -- Installing: /home/robot/Hiking_deploy/unitree_ros2/cyclonedds_ws/install/unitree_go/share/unitree_go/msg/dds_connext/PathPoint_.idl
[9.164s] -- Installing: /home/robot/Hiking_deploy/unitree_ros2/cyclonedds_ws/install/unitree_go/share/unitree_go/msg/dds_connext/UwbSwitch_.idl
[9.164s] -- Installing: /home/robot/Hiking_deploy/unitree_ros2/cyclonedds_ws/install/unitree_go/share/unitree_go/msg/dds_connext/TimeSpec_.idl
[9.165s] -- Installing: /home/robot/Hiking_deploy/unitree_ros2/cyclonedds_ws/install/unitree_go/share/unitree_go/msg/dds_connext/MotorStates_.idl
[9.165s] -- Installing: /home/robot/Hiking_deploy/unitree_ros2/cyclonedds_ws/install/unitree_go/share/unitree_go/msg/dds_connext/WirelessController_.idl
[9.165s] -- Installing: /home/robot/Hiking_deploy/unitree_ros2/cyclonedds_ws/install/unitree_go/share/unitree_go/msg/dds_connext/Res_.idl
[9.165s] -- Installing: /home/robot/Hiking_deploy/unitree_ros2/cyclonedds_ws/install/unitree_go/share/unitree_go/msg/dds_connext/Req_.idl
[9.165s] -- Installing: /home/robot/Hiking_deploy/unitree_ros2/cyclonedds_ws/install/unitree_go/share/unitree_go/msg/dds_connext/BmsCmd_.idl
[9.165s] -- Installing: /home/robot/Hiking_deploy/unitree_ros2/cyclonedds_ws/install/unitree_go/share/unitree_go/msg/dds_connext/InterfaceConfig_.idl
[9.165s] -- Installing: /home/robot/Hiking_deploy/unitree_ros2/cyclonedds_ws/install/unitree_go/share/unitree_go/msg/dds_connext/Go2FrontVideoData_.idl
[9.165s] -- Installing: /home/robot/Hiking_deploy/unitree_ros2/cyclonedds_ws/install/unitree_go/share/unitree_go/msg/dds_connext/SportModeCmd_.idl
[9.165s] -- Installing: /home/robot/Hiking_deploy/unitree_ros2/cyclonedds_ws/install/unitree_go/share/unitree_go/msg/dds_connext/UwbState_.idl
[9.165s] -- Installing: /home/robot/Hiking_deploy/unitree_ros2/cyclonedds_ws/install/unitree_go/share/unitree_go/msg/dds_connext/MotorState_.idl
[9.165s] -- Installing: /home/robot/Hiking_deploy/unitree_ros2/cyclonedds_ws/install/unitree_go/share/ament_index/resource_index/package_run_dependencies/unitree_go
[9.165s] -- Installing: /home/robot/Hiking_deploy/unitree_ros2/cyclonedds_ws/install/unitree_go/share/ament_index/resource_index/parent_prefix_path/unitree_go
[9.165s] -- Installing: /home/robot/Hiking_deploy/unitree_ros2/cyclonedds_ws/install/unitree_go/share/unitree_go/environment/ament_prefix_path.sh
[9.165s] -- Installing: /home/robot/Hiking_deploy/unitree_ros2/cyclonedds_ws/install/unitree_go/share/unitree_go/environment/ament_prefix_path.dsv
[9.165s] -- Installing: /home/robot/Hiking_deploy/unitree_ros2/cyclonedds_ws/install/unitree_go/share/unitree_go/environment/path.sh
[9.165s] -- Installing: /home/robot/Hiking_deploy/unitree_ros2/cyclonedds_ws/install/unitree_go/share/unitree_go/environment/path.dsv
[9.165s] -- Installing: /home/robot/Hiking_deploy/unitree_ros2/cyclonedds_ws/install/unitree_go/share/unitree_go/local_setup.bash
[9.165s] -- Installing: /home/robot/Hiking_deploy/unitree_ros2/cyclonedds_ws/install/unitree_go/share/unitree_go/local_setup.sh
[9.165s] -- Installing: /home/robot/Hiking_deploy/unitree_ros2/cyclonedds_ws/install/unitree_go/share/unitree_go/local_setup.zsh
[9.165s] -- Installing: /home/robot/Hiking_deploy/unitree_ros2/cyclonedds_ws/install/unitree_go/share/unitree_go/local_setup.dsv
[9.165s] -- Installing: /home/robot/Hiking_deploy/unitree_ros2/cyclonedds_ws/install/unitree_go/share/unitree_go/package.dsv
[9.166s] -- Installing: /home/robot/Hiking_deploy/unitree_ros2/cyclonedds_ws/install/unitree_go/share/ament_index/resource_index/packages/unitree_go
[9.166s] -- Installing: /home/robot/Hiking_deploy/unitree_ros2/cyclonedds_ws/install/unitree_go/share/unitree_go/cmake/export_unitree_go__rosidl_generator_cExport.cmake
[9.166s] -- Installing: /home/robot/Hiking_deploy/unitree_ros2/cyclonedds_ws/install/unitree_go/share/unitree_go/cmake/export_unitree_go__rosidl_generator_cExport-noconfig.cmake
[9.166s] -- Installing: /home/robot/Hiking_deploy/unitree_ros2/cyclonedds_ws/install/unitree_go/share/unitree_go/cmake/export_unitree_go__rosidl_typesupport_fastrtps_cExport.cmake
[9.166s] -- Installing: /home/robot/Hiking_deploy/unitree_ros2/cyclonedds_ws/install/unitree_go/share/unitree_go/cmake/export_unitree_go__rosidl_typesupport_fastrtps_cExport-noconfig.cmake
[9.166s] -- Installing: /home/robot/Hiking_deploy/unitree_ros2/cyclonedds_ws/install/unitree_go/share/unitree_go/cmake/export_unitree_go__rosidl_generator_cppExport.cmake
[9.166s] -- Installing: /home/robot/Hiking_deploy/unitree_ros2/cyclonedds_ws/install/unitree_go/share/unitree_go/cmake/export_unitree_go__rosidl_typesupport_fastrtps_cppExport.cmake
[9.166s] -- Installing: /home/robot/Hiking_deploy/unitree_ros2/cyclonedds_ws/install/unitree_go/share/unitree_go/cmake/export_unitree_go__rosidl_typesupport_fastrtps_cppExport-noconfig.cmake
[9.166s] -- Installing: /home/robot/Hiking_deploy/unitree_ros2/cyclonedds_ws/install/unitree_go/share/unitree_go/cmake/unitree_go__rosidl_typesupport_introspection_cExport.cmake
[9.166s] -- Installing: /home/robot/Hiking_deploy/unitree_ros2/cyclonedds_ws/install/unitree_go/share/unitree_go/cmake/unitree_go__rosidl_typesupport_introspection_cExport-noconfig.cmake
[9.166s] -- Installing: /home/robot/Hiking_deploy/unitree_ros2/cyclonedds_ws/install/unitree_go/share/unitree_go/cmake/unitree_go__rosidl_typesupport_cExport.cmake
[9.166s] -- Installing: /home/robot/Hiking_deploy/unitree_ros2/cyclonedds_ws/install/unitree_go/share/unitree_go/cmake/unitree_go__rosidl_typesupport_cExport-noconfig.cmake
[9.166s] -- Installing: /home/robot/Hiking_deploy/unitree_ros2/cyclonedds_ws/install/unitree_go/share/unitree_go/cmake/unitree_go__rosidl_typesupport_introspection_cppExport.cmake
[9.166s] -- Installing: /home/robot/Hiking_deploy/unitree_ros2/cyclonedds_ws/install/unitree_go/share/unitree_go/cmake/unitree_go__rosidl_typesupport_introspection_cppExport-noconfig.cmake
[9.167s] -- Installing: /home/robot/Hiking_deploy/unitree_ros2/cyclonedds_ws/install/unitree_go/share/unitree_go/cmake/unitree_go__rosidl_typesupport_cppExport.cmake
[9.167s] -- Installing: /home/robot/Hiking_deploy/unitree_ros2/cyclonedds_ws/install/unitree_go/share/unitree_go/cmake/unitree_go__rosidl_typesupport_cppExport-noconfig.cmake
[9.167s] -- Installing: /home/robot/Hiking_deploy/unitree_ros2/cyclonedds_ws/install/unitree_go/share/unitree_go/cmake/export_unitree_go__rosidl_generator_pyExport.cmake
[9.167s] -- Installing: /home/robot/Hiking_deploy/unitree_ros2/cyclonedds_ws/install/unitree_go/share/unitree_go/cmake/export_unitree_go__rosidl_generator_pyExport-noconfig.cmake
[9.167s] -- Installing: /home/robot/Hiking_deploy/unitree_ros2/cyclonedds_ws/install/unitree_go/share/unitree_go/cmake/rosidl_cmake-extras.cmake
[9.167s] -- Installing: /home/robot/Hiking_deploy/unitree_ros2/cyclonedds_ws/install/unitree_go/share/unitree_go/cmake/ament_cmake_export_dependencies-extras.cmake
[9.167s] -- Installing: /home/robot/Hiking_deploy/unitree_ros2/cyclonedds_ws/install/unitree_go/share/unitree_go/cmake/ament_cmake_export_include_directories-extras.cmake
[9.167s] -- Installing: /home/robot/Hiking_deploy/unitree_ros2/cyclonedds_ws/install/unitree_go/share/unitree_go/cmake/ament_cmake_export_libraries-extras.cmake
[9.167s] -- Installing: /home/robot/Hiking_deploy/unitree_ros2/cyclonedds_ws/install/unitree_go/share/unitree_go/cmake/ament_cmake_export_targets-extras.cmake
[9.167s] -- Installing: /home/robot/Hiking_deploy/unitree_ros2/cyclonedds_ws/install/unitree_go/share/unitree_go/cmake/rosidl_cmake_export_typesupport_targets-extras.cmake
[9.167s] -- Installing: /home/robot/Hiking_deploy/unitree_ros2/cyclonedds_ws/install/unitree_go/share/unitree_go/cmake/rosidl_cmake_export_typesupport_libraries-extras.cmake
[9.167s] -- Installing: /home/robot/Hiking_deploy/unitree_ros2/cyclonedds_ws/install/unitree_go/share/unitree_go/cmake/unitree_goConfig.cmake
[9.167s] -- Installing: /home/robot/Hiking_deploy/unitree_ros2/cyclonedds_ws/install/unitree_go/share/unitree_go/cmake/unitree_goConfig-version.cmake
[9.167s] -- Installing: /home/robot/Hiking_deploy/unitree_ros2/cyclonedds_ws/install/unitree_go/share/unitree_go/package.xml
[9.169s] Invoked command in '/home/robot/Hiking_deploy/unitree_ros2/cyclonedds_ws/build/unitree_go' returned '0': CMAKE_PREFIX_PATH=${CMAKE_PREFIX_PATH}:/home/robot/Documents/dev_ws/install/learning_urdf:/home/robot/Documents/dev_ws/install/learning_topic:/home/robot/Documents/dev_ws/install/learning_tf:/home/robot/Documents/dev_ws/install/learning_service:/home/robot/Documents/dev_ws/install/learning_qos:/home/robot/Documents/dev_ws/install/learning_pkg_python:/home/robot/Documents/dev_ws/install/learning_parameter:/home/robot/Documents/dev_ws/install/learning_node:/home/robot/Documents/dev_ws/install/learning_launch:/home/robot/Documents/dev_ws/install/learning_action:/home/robot/Documents/dev_ws/install/learning_gazebo_harmonic:/home/robot/Documents/dev_ws/install/learning_gazebo:/home/robot/Documents/dev_ws/install/learning_cv:/opt/ros/humble CONDA_PROMPT_MODIFIER=(base) PS1=(.venv) (base) \[\e]0;\u@\h: \w\a\]${debian_chroot:+($debian_chroot)}\[\033[01;32m\]\u@\h\[\033[00m\]:\[\033[01;34m\]\w\[\033[00m\]\$ /usr/bin/cmake --install /home/robot/Hiking_deploy/unitree_ros2/cyclonedds_ws/build/unitree_go
