[0.053s] DEBUG:colcon:Command line arguments: ['/usr/bin/colcon', 'build', '--packages-select', 'unitree_api', 'unitree_go', 'unitree_hg', 'rmw_cyclonedds_cpp', 'ros2_numpy', 'tf_transformations']
[0.053s] DEBUG:colcon:Parsed command line arguments: Namespace(log_base=None, log_level=None, verb_name='build', build_base='build', install_base='install', merge_install=False, symlink_install=False, test_result_base=None, continue_on_error=False, executor='parallel', parallel_workers=28, event_handlers=None, ignore_user_meta=False, metas=['./colcon.meta'], base_paths=['.'], packages_ignore=None, packages_ignore_regex=None, paths=None, packages_up_to=None, packages_up_to_regex=None, packages_above=None, packages_above_and_dependencies=None, packages_above_depth=None, packages_select_by_dep=None, packages_skip_by_dep=None, packages_skip_up_to=None, packages_select_build_failed=False, packages_skip_build_finished=False, packages_select_test_failures=False, packages_skip_test_passed=False, packages_select=['unitree_api', 'unitree_go', 'unitree_hg', 'rmw_cyclonedds_cpp', 'ros2_numpy', 'tf_transformations'], packages_skip=None, packages_select_regex=None, packages_skip_regex=None, packages_start=None, packages_end=None, allow_overriding=[], cmake_args=None, cmake_target=None, cmake_target_skip_unavailable=False, cmake_clean_cache=False, cmake_clean_first=False, cmake_force_configure=False, ament_cmake_args=None, catkin_cmake_args=None, catkin_skip_building_tests=False, mixin_files=None, mixin=None, verb_parser=<colcon_mixin.mixin.mixin_argument.MixinArgumentDecorator object at 0x7557dba85f90>, verb_extension=<colcon_core.verb.build.BuildVerb object at 0x7557dbba2f50>, main=<bound method BuildVerb.main of <colcon_core.verb.build.BuildVerb object at 0x7557dbba2f50>>, mixin_verb=('build',))
[0.132s] Level 1:colcon.colcon_core.package_discovery:discover_packages(colcon_meta) check parameters
[0.132s] Level 1:colcon.colcon_core.package_discovery:discover_packages(recursive) check parameters
[0.132s] Level 1:colcon.colcon_core.package_discovery:discover_packages(ignore) check parameters
[0.132s] Level 1:colcon.colcon_core.package_discovery:discover_packages(path) check parameters
[0.132s] Level 1:colcon.colcon_core.package_discovery:discover_packages(colcon_meta) discover
[0.132s] Level 1:colcon.colcon_core.package_discovery:discover_packages(recursive) discover
[0.132s] INFO:colcon.colcon_core.package_discovery:Crawling recursively for packages in '/home/robot/Hiking_deploy/unitree_ros2/cyclonedds_ws'
[0.132s] Level 1:colcon.colcon_core.package_identification:_identify(.) by extensions ['ignore', 'ignore_ament_install']
[0.132s] Level 1:colcon.colcon_core.package_identification:_identify(.) by extension 'ignore'
[0.132s] Level 1:colcon.colcon_core.package_identification:_identify(.) by extension 'ignore_ament_install'
[0.132s] Level 1:colcon.colcon_core.package_identification:_identify(.) by extensions ['colcon_pkg']
[0.132s] Level 1:colcon.colcon_core.package_identification:_identify(.) by extension 'colcon_pkg'
[0.132s] Level 1:colcon.colcon_core.package_identification:_identify(.) by extensions ['colcon_meta']
[0.132s] Level 1:colcon.colcon_core.package_identification:_identify(.) by extension 'colcon_meta'
[0.132s] Level 1:colcon.colcon_core.package_identification:_identify(.) by extensions ['ros']
[0.132s] Level 1:colcon.colcon_core.package_identification:_identify(.) by extension 'ros'
[0.137s] Level 1:colcon.colcon_core.package_identification:_identify(.) by extensions ['cmake', 'python']
[0.137s] Level 1:colcon.colcon_core.package_identification:_identify(.) by extension 'cmake'
[0.137s] Level 1:colcon.colcon_core.package_identification:_identify(.) by extension 'python'
[0.137s] Level 1:colcon.colcon_core.package_identification:_identify(.) by extensions ['python_setup_py']
[0.137s] Level 1:colcon.colcon_core.package_identification:_identify(.) by extension 'python_setup_py'
[0.137s] Level 1:colcon.colcon_core.package_identification:_identify(build) by extensions ['ignore', 'ignore_ament_install']
[0.137s] Level 1:colcon.colcon_core.package_identification:_identify(build) by extension 'ignore'
[0.137s] Level 1:colcon.colcon_core.package_identification:_identify(build) ignored
[0.137s] Level 1:colcon.colcon_core.package_identification:_identify(install) by extensions ['ignore', 'ignore_ament_install']
[0.137s] Level 1:colcon.colcon_core.package_identification:_identify(install) by extension 'ignore'
[0.137s] Level 1:colcon.colcon_core.package_identification:_identify(install) ignored
[0.137s] Level 1:colcon.colcon_core.package_identification:_identify(log) by extensions ['ignore', 'ignore_ament_install']
[0.137s] Level 1:colcon.colcon_core.package_identification:_identify(log) by extension 'ignore'
[0.138s] Level 1:colcon.colcon_core.package_identification:_identify(log) ignored
[0.138s] Level 1:colcon.colcon_core.package_identification:_identify(src) by extensions ['ignore', 'ignore_ament_install']
[0.138s] Level 1:colcon.colcon_core.package_identification:_identify(src) by extension 'ignore'
[0.138s] Level 1:colcon.colcon_core.package_identification:_identify(src) by extension 'ignore_ament_install'
[0.138s] Level 1:colcon.colcon_core.package_identification:_identify(src) by extensions ['colcon_pkg']
[0.138s] Level 1:colcon.colcon_core.package_identification:_identify(src) by extension 'colcon_pkg'
[0.138s] Level 1:colcon.colcon_core.package_identification:_identify(src) by extensions ['colcon_meta']
[0.138s] Level 1:colcon.colcon_core.package_identification:_identify(src) by extension 'colcon_meta'
[0.138s] Level 1:colcon.colcon_core.package_identification:_identify(src) by extensions ['ros']
[0.138s] Level 1:colcon.colcon_core.package_identification:_identify(src) by extension 'ros'
[0.138s] Level 1:colcon.colcon_core.package_identification:_identify(src) by extensions ['cmake', 'python']
[0.138s] Level 1:colcon.colcon_core.package_identification:_identify(src) by extension 'cmake'
[0.138s] Level 1:colcon.colcon_core.package_identification:_identify(src) by extension 'python'
[0.138s] Level 1:colcon.colcon_core.package_identification:_identify(src) by extensions ['python_setup_py']
[0.138s] Level 1:colcon.colcon_core.package_identification:_identify(src) by extension 'python_setup_py'
[0.138s] Level 1:colcon.colcon_core.package_identification:_identify(src/rmw_cyclonedds) by extensions ['ignore', 'ignore_ament_install']
[0.138s] Level 1:colcon.colcon_core.package_identification:_identify(src/rmw_cyclonedds) by extension 'ignore'
[0.138s] Level 1:colcon.colcon_core.package_identification:_identify(src/rmw_cyclonedds) by extension 'ignore_ament_install'
[0.138s] Level 1:colcon.colcon_core.package_identification:_identify(src/rmw_cyclonedds) by extensions ['colcon_pkg']
[0.138s] Level 1:colcon.colcon_core.package_identification:_identify(src/rmw_cyclonedds) by extension 'colcon_pkg'
[0.138s] Level 1:colcon.colcon_core.package_identification:_identify(src/rmw_cyclonedds) by extensions ['colcon_meta']
[0.138s] Level 1:colcon.colcon_core.package_identification:_identify(src/rmw_cyclonedds) by extension 'colcon_meta'
[0.138s] Level 1:colcon.colcon_core.package_identification:_identify(src/rmw_cyclonedds) by extensions ['ros']
[0.138s] Level 1:colcon.colcon_core.package_identification:_identify(src/rmw_cyclonedds) by extension 'ros'
[0.138s] Level 1:colcon.colcon_core.package_identification:_identify(src/rmw_cyclonedds) by extensions ['cmake', 'python']
[0.138s] Level 1:colcon.colcon_core.package_identification:_identify(src/rmw_cyclonedds) by extension 'cmake'
[0.138s] Level 1:colcon.colcon_core.package_identification:_identify(src/rmw_cyclonedds) by extension 'python'
[0.138s] Level 1:colcon.colcon_core.package_identification:_identify(src/rmw_cyclonedds) by extensions ['python_setup_py']
[0.138s] Level 1:colcon.colcon_core.package_identification:_identify(src/rmw_cyclonedds) by extension 'python_setup_py'
[0.138s] Level 1:colcon.colcon_core.package_identification:_identify(src/rmw_cyclonedds/rmw_cyclonedds_cpp) by extensions ['ignore', 'ignore_ament_install']
[0.138s] Level 1:colcon.colcon_core.package_identification:_identify(src/rmw_cyclonedds/rmw_cyclonedds_cpp) by extension 'ignore'
[0.138s] Level 1:colcon.colcon_core.package_identification:_identify(src/rmw_cyclonedds/rmw_cyclonedds_cpp) by extension 'ignore_ament_install'
[0.138s] Level 1:colcon.colcon_core.package_identification:_identify(src/rmw_cyclonedds/rmw_cyclonedds_cpp) by extensions ['colcon_pkg']
[0.138s] Level 1:colcon.colcon_core.package_identification:_identify(src/rmw_cyclonedds/rmw_cyclonedds_cpp) by extension 'colcon_pkg'
[0.138s] Level 1:colcon.colcon_core.package_identification:_identify(src/rmw_cyclonedds/rmw_cyclonedds_cpp) by extensions ['colcon_meta']
[0.138s] Level 1:colcon.colcon_core.package_identification:_identify(src/rmw_cyclonedds/rmw_cyclonedds_cpp) by extension 'colcon_meta'
[0.138s] Level 1:colcon.colcon_core.package_identification:_identify(src/rmw_cyclonedds/rmw_cyclonedds_cpp) by extensions ['ros']
[0.138s] Level 1:colcon.colcon_core.package_identification:_identify(src/rmw_cyclonedds/rmw_cyclonedds_cpp) by extension 'ros'
[0.140s] DEBUG:colcon.colcon_core.package_identification:Package 'src/rmw_cyclonedds/rmw_cyclonedds_cpp' with type 'ros.ament_cmake' and name 'rmw_cyclonedds_cpp'
[0.140s] Level 1:colcon.colcon_core.package_identification:_identify(src/ros2_numpy) by extensions ['ignore', 'ignore_ament_install']
[0.140s] Level 1:colcon.colcon_core.package_identification:_identify(src/ros2_numpy) by extension 'ignore'
[0.140s] Level 1:colcon.colcon_core.package_identification:_identify(src/ros2_numpy) by extension 'ignore_ament_install'
[0.140s] Level 1:colcon.colcon_core.package_identification:_identify(src/ros2_numpy) by extensions ['colcon_pkg']
[0.140s] Level 1:colcon.colcon_core.package_identification:_identify(src/ros2_numpy) by extension 'colcon_pkg'
[0.140s] Level 1:colcon.colcon_core.package_identification:_identify(src/ros2_numpy) by extensions ['colcon_meta']
[0.140s] Level 1:colcon.colcon_core.package_identification:_identify(src/ros2_numpy) by extension 'colcon_meta'
[0.140s] Level 1:colcon.colcon_core.package_identification:_identify(src/ros2_numpy) by extensions ['ros']
[0.140s] Level 1:colcon.colcon_core.package_identification:_identify(src/ros2_numpy) by extension 'ros'
[0.141s] DEBUG:colcon.colcon_core.package_identification:Package 'src/ros2_numpy' with type 'ros.ament_cmake' and name 'ros2_numpy'
[0.141s] Level 1:colcon.colcon_core.package_identification:_identify(src/rosidl_dds) by extensions ['ignore', 'ignore_ament_install']
[0.141s] Level 1:colcon.colcon_core.package_identification:_identify(src/rosidl_dds) by extension 'ignore'
[0.141s] Level 1:colcon.colcon_core.package_identification:_identify(src/rosidl_dds) by extension 'ignore_ament_install'
[0.141s] Level 1:colcon.colcon_core.package_identification:_identify(src/rosidl_dds) by extensions ['colcon_pkg']
[0.141s] Level 1:colcon.colcon_core.package_identification:_identify(src/rosidl_dds) by extension 'colcon_pkg'
[0.141s] Level 1:colcon.colcon_core.package_identification:_identify(src/rosidl_dds) by extensions ['colcon_meta']
[0.141s] Level 1:colcon.colcon_core.package_identification:_identify(src/rosidl_dds) by extension 'colcon_meta'
[0.141s] Level 1:colcon.colcon_core.package_identification:_identify(src/rosidl_dds) by extensions ['ros']
[0.141s] Level 1:colcon.colcon_core.package_identification:_identify(src/rosidl_dds) by extension 'ros'
[0.141s] Level 1:colcon.colcon_core.package_identification:_identify(src/rosidl_dds) by extensions ['cmake', 'python']
[0.141s] Level 1:colcon.colcon_core.package_identification:_identify(src/rosidl_dds) by extension 'cmake'
[0.141s] Level 1:colcon.colcon_core.package_identification:_identify(src/rosidl_dds) by extension 'python'
[0.141s] Level 1:colcon.colcon_core.package_identification:_identify(src/rosidl_dds) by extensions ['python_setup_py']
[0.141s] Level 1:colcon.colcon_core.package_identification:_identify(src/rosidl_dds) by extension 'python_setup_py'
[0.141s] Level 1:colcon.colcon_core.package_identification:_identify(src/rosidl_dds/rosidl_generator_dds_idl) by extensions ['ignore', 'ignore_ament_install']
[0.141s] Level 1:colcon.colcon_core.package_identification:_identify(src/rosidl_dds/rosidl_generator_dds_idl) by extension 'ignore'
[0.141s] Level 1:colcon.colcon_core.package_identification:_identify(src/rosidl_dds/rosidl_generator_dds_idl) by extension 'ignore_ament_install'
[0.141s] Level 1:colcon.colcon_core.package_identification:_identify(src/rosidl_dds/rosidl_generator_dds_idl) by extensions ['colcon_pkg']
[0.141s] Level 1:colcon.colcon_core.package_identification:_identify(src/rosidl_dds/rosidl_generator_dds_idl) by extension 'colcon_pkg'
[0.141s] Level 1:colcon.colcon_core.package_identification:_identify(src/rosidl_dds/rosidl_generator_dds_idl) by extensions ['colcon_meta']
[0.141s] Level 1:colcon.colcon_core.package_identification:_identify(src/rosidl_dds/rosidl_generator_dds_idl) by extension 'colcon_meta'
[0.141s] Level 1:colcon.colcon_core.package_identification:_identify(src/rosidl_dds/rosidl_generator_dds_idl) by extensions ['ros']
[0.141s] Level 1:colcon.colcon_core.package_identification:_identify(src/rosidl_dds/rosidl_generator_dds_idl) by extension 'ros'
[0.142s] DEBUG:colcon.colcon_core.package_identification:Package 'src/rosidl_dds/rosidl_generator_dds_idl' with type 'ros.ament_cmake' and name 'rosidl_generator_dds_idl'
[0.142s] Level 1:colcon.colcon_core.package_identification:_identify(src/tf_transformations) by extensions ['ignore', 'ignore_ament_install']
[0.142s] Level 1:colcon.colcon_core.package_identification:_identify(src/tf_transformations) by extension 'ignore'
[0.142s] Level 1:colcon.colcon_core.package_identification:_identify(src/tf_transformations) by extension 'ignore_ament_install'
[0.142s] Level 1:colcon.colcon_core.package_identification:_identify(src/tf_transformations) by extensions ['colcon_pkg']
[0.142s] Level 1:colcon.colcon_core.package_identification:_identify(src/tf_transformations) by extension 'colcon_pkg'
[0.142s] Level 1:colcon.colcon_core.package_identification:_identify(src/tf_transformations) by extensions ['colcon_meta']
[0.142s] Level 1:colcon.colcon_core.package_identification:_identify(src/tf_transformations) by extension 'colcon_meta'
[0.142s] Level 1:colcon.colcon_core.package_identification:_identify(src/tf_transformations) by extensions ['ros']
[0.142s] Level 1:colcon.colcon_core.package_identification:_identify(src/tf_transformations) by extension 'ros'
[0.142s] DEBUG:colcon.colcon_core.package_identification:Package 'src/tf_transformations' with type 'ros.ament_python' and name 'tf_transformations'
[0.142s] Level 1:colcon.colcon_core.package_identification:_identify(src/unitree) by extensions ['ignore', 'ignore_ament_install']
[0.142s] Level 1:colcon.colcon_core.package_identification:_identify(src/unitree) by extension 'ignore'
[0.142s] Level 1:colcon.colcon_core.package_identification:_identify(src/unitree) by extension 'ignore_ament_install'
[0.142s] Level 1:colcon.colcon_core.package_identification:_identify(src/unitree) by extensions ['colcon_pkg']
[0.142s] Level 1:colcon.colcon_core.package_identification:_identify(src/unitree) by extension 'colcon_pkg'
[0.142s] Level 1:colcon.colcon_core.package_identification:_identify(src/unitree) by extensions ['colcon_meta']
[0.142s] Level 1:colcon.colcon_core.package_identification:_identify(src/unitree) by extension 'colcon_meta'
[0.142s] Level 1:colcon.colcon_core.package_identification:_identify(src/unitree) by extensions ['ros']
[0.142s] Level 1:colcon.colcon_core.package_identification:_identify(src/unitree) by extension 'ros'
[0.142s] Level 1:colcon.colcon_core.package_identification:_identify(src/unitree) by extensions ['cmake', 'python']
[0.142s] Level 1:colcon.colcon_core.package_identification:_identify(src/unitree) by extension 'cmake'
[0.142s] Level 1:colcon.colcon_core.package_identification:_identify(src/unitree) by extension 'python'
[0.142s] Level 1:colcon.colcon_core.package_identification:_identify(src/unitree) by extensions ['python_setup_py']
[0.142s] Level 1:colcon.colcon_core.package_identification:_identify(src/unitree) by extension 'python_setup_py'
[0.142s] Level 1:colcon.colcon_core.package_identification:_identify(src/unitree/unitree_api) by extensions ['ignore', 'ignore_ament_install']
[0.142s] Level 1:colcon.colcon_core.package_identification:_identify(src/unitree/unitree_api) by extension 'ignore'
[0.142s] Level 1:colcon.colcon_core.package_identification:_identify(src/unitree/unitree_api) by extension 'ignore_ament_install'
[0.142s] Level 1:colcon.colcon_core.package_identification:_identify(src/unitree/unitree_api) by extensions ['colcon_pkg']
[0.142s] Level 1:colcon.colcon_core.package_identification:_identify(src/unitree/unitree_api) by extension 'colcon_pkg'
[0.142s] Level 1:colcon.colcon_core.package_identification:_identify(src/unitree/unitree_api) by extensions ['colcon_meta']
[0.142s] Level 1:colcon.colcon_core.package_identification:_identify(src/unitree/unitree_api) by extension 'colcon_meta'
[0.142s] Level 1:colcon.colcon_core.package_identification:_identify(src/unitree/unitree_api) by extensions ['ros']
[0.142s] Level 1:colcon.colcon_core.package_identification:_identify(src/unitree/unitree_api) by extension 'ros'
[0.147s] DEBUG:colcon.colcon_core.package_identification:Package 'src/unitree/unitree_api' with type 'ros.ament_cmake' and name 'unitree_api'
[0.147s] Level 1:colcon.colcon_core.package_identification:_identify(src/unitree/unitree_go) by extensions ['ignore', 'ignore_ament_install']
[0.147s] Level 1:colcon.colcon_core.package_identification:_identify(src/unitree/unitree_go) by extension 'ignore'
[0.147s] Level 1:colcon.colcon_core.package_identification:_identify(src/unitree/unitree_go) by extension 'ignore_ament_install'
[0.147s] Level 1:colcon.colcon_core.package_identification:_identify(src/unitree/unitree_go) by extensions ['colcon_pkg']
[0.147s] Level 1:colcon.colcon_core.package_identification:_identify(src/unitree/unitree_go) by extension 'colcon_pkg'
[0.147s] Level 1:colcon.colcon_core.package_identification:_identify(src/unitree/unitree_go) by extensions ['colcon_meta']
[0.147s] Level 1:colcon.colcon_core.package_identification:_identify(src/unitree/unitree_go) by extension 'colcon_meta'
[0.147s] Level 1:colcon.colcon_core.package_identification:_identify(src/unitree/unitree_go) by extensions ['ros']
[0.147s] Level 1:colcon.colcon_core.package_identification:_identify(src/unitree/unitree_go) by extension 'ros'
[0.148s] DEBUG:colcon.colcon_core.package_identification:Package 'src/unitree/unitree_go' with type 'ros.ament_cmake' and name 'unitree_go'
[0.148s] Level 1:colcon.colcon_core.package_identification:_identify(src/unitree/unitree_hg) by extensions ['ignore', 'ignore_ament_install']
[0.148s] Level 1:colcon.colcon_core.package_identification:_identify(src/unitree/unitree_hg) by extension 'ignore'
[0.148s] Level 1:colcon.colcon_core.package_identification:_identify(src/unitree/unitree_hg) by extension 'ignore_ament_install'
[0.148s] Level 1:colcon.colcon_core.package_identification:_identify(src/unitree/unitree_hg) by extensions ['colcon_pkg']
[0.148s] Level 1:colcon.colcon_core.package_identification:_identify(src/unitree/unitree_hg) by extension 'colcon_pkg'
[0.148s] Level 1:colcon.colcon_core.package_identification:_identify(src/unitree/unitree_hg) by extensions ['colcon_meta']
[0.148s] Level 1:colcon.colcon_core.package_identification:_identify(src/unitree/unitree_hg) by extension 'colcon_meta'
[0.148s] Level 1:colcon.colcon_core.package_identification:_identify(src/unitree/unitree_hg) by extensions ['ros']
[0.148s] Level 1:colcon.colcon_core.package_identification:_identify(src/unitree/unitree_hg) by extension 'ros'
[0.148s] DEBUG:colcon.colcon_core.package_identification:Package 'src/unitree/unitree_hg' with type 'ros.ament_cmake' and name 'unitree_hg'
[0.148s] Level 1:colcon.colcon_core.package_discovery:discover_packages(recursive) using defaults
[0.148s] Level 1:colcon.colcon_core.package_discovery:discover_packages(ignore) discover
[0.148s] Level 1:colcon.colcon_core.package_discovery:discover_packages(ignore) using defaults
[0.148s] Level 1:colcon.colcon_core.package_discovery:discover_packages(path) discover
[0.148s] Level 1:colcon.colcon_core.package_discovery:discover_packages(path) using defaults
[0.159s] INFO:colcon.colcon_core.package_selection:Skipping not selected package 'rosidl_generator_dds_idl' in 'src/rosidl_dds/rosidl_generator_dds_idl'
[0.159s] Level 1:colcon.colcon_core.package_discovery:discover_packages(prefix_path) check parameters
[0.159s] Level 1:colcon.colcon_core.package_discovery:discover_packages(prefix_path) discover
[0.160s] DEBUG:colcon.colcon_installed_package_information.package_discovery:Found 1 installed packages in /home/robot/Hiking_deploy/unitree_ros2/cyclonedds_ws/install
[0.160s] DEBUG:colcon.colcon_installed_package_information.package_discovery:Found 21 installed packages in /home/robot/Documents/dev_ws/install
[0.161s] DEBUG:colcon.colcon_installed_package_information.package_discovery:Found 390 installed packages in /opt/ros/humble
[0.162s] Level 1:colcon.colcon_core.package_discovery:discover_packages(prefix_path) using defaults
[0.182s] Level 5:colcon.colcon_core.verb:set package 'rmw_cyclonedds_cpp' build argument 'cmake_args' from command line to 'None'
[0.182s] Level 5:colcon.colcon_core.verb:set package 'rmw_cyclonedds_cpp' build argument 'cmake_target' from command line to 'None'
[0.183s] Level 5:colcon.colcon_core.verb:set package 'rmw_cyclonedds_cpp' build argument 'cmake_target_skip_unavailable' from command line to 'False'
[0.183s] Level 5:colcon.colcon_core.verb:set package 'rmw_cyclonedds_cpp' build argument 'cmake_clean_cache' from command line to 'False'
[0.183s] Level 5:colcon.colcon_core.verb:set package 'rmw_cyclonedds_cpp' build argument 'cmake_clean_first' from command line to 'False'
[0.183s] Level 5:colcon.colcon_core.verb:set package 'rmw_cyclonedds_cpp' build argument 'cmake_force_configure' from command line to 'False'
[0.183s] Level 5:colcon.colcon_core.verb:set package 'rmw_cyclonedds_cpp' build argument 'ament_cmake_args' from command line to 'None'
[0.183s] Level 5:colcon.colcon_core.verb:set package 'rmw_cyclonedds_cpp' build argument 'catkin_cmake_args' from command line to 'None'
[0.183s] Level 5:colcon.colcon_core.verb:set package 'rmw_cyclonedds_cpp' build argument 'catkin_skip_building_tests' from command line to 'False'
[0.183s] DEBUG:colcon.colcon_core.verb:Building package 'rmw_cyclonedds_cpp' with the following arguments: {'ament_cmake_args': None, 'build_base': '/home/robot/Hiking_deploy/unitree_ros2/cyclonedds_ws/build/rmw_cyclonedds_cpp', 'catkin_cmake_args': None, 'catkin_skip_building_tests': False, 'cmake_args': None, 'cmake_clean_cache': False, 'cmake_clean_first': False, 'cmake_force_configure': False, 'cmake_target': None, 'cmake_target_skip_unavailable': False, 'install_base': '/home/robot/Hiking_deploy/unitree_ros2/cyclonedds_ws/install/rmw_cyclonedds_cpp', 'merge_install': False, 'path': '/home/robot/Hiking_deploy/unitree_ros2/cyclonedds_ws/src/rmw_cyclonedds/rmw_cyclonedds_cpp', 'symlink_install': False, 'test_result_base': None}
[0.183s] Level 5:colcon.colcon_core.verb:set package 'tf_transformations' build argument 'cmake_args' from command line to 'None'
[0.183s] Level 5:colcon.colcon_core.verb:set package 'tf_transformations' build argument 'cmake_target' from command line to 'None'
[0.183s] Level 5:colcon.colcon_core.verb:set package 'tf_transformations' build argument 'cmake_target_skip_unavailable' from command line to 'False'
[0.183s] Level 5:colcon.colcon_core.verb:set package 'tf_transformations' build argument 'cmake_clean_cache' from command line to 'False'
[0.183s] Level 5:colcon.colcon_core.verb:set package 'tf_transformations' build argument 'cmake_clean_first' from command line to 'False'
[0.183s] Level 5:colcon.colcon_core.verb:set package 'tf_transformations' build argument 'cmake_force_configure' from command line to 'False'
[0.183s] Level 5:colcon.colcon_core.verb:set package 'tf_transformations' build argument 'ament_cmake_args' from command line to 'None'
[0.183s] Level 5:colcon.colcon_core.verb:set package 'tf_transformations' build argument 'catkin_cmake_args' from command line to 'None'
[0.183s] Level 5:colcon.colcon_core.verb:set package 'tf_transformations' build argument 'catkin_skip_building_tests' from command line to 'False'
[0.183s] DEBUG:colcon.colcon_core.verb:Building package 'tf_transformations' with the following arguments: {'ament_cmake_args': None, 'build_base': '/home/robot/Hiking_deploy/unitree_ros2/cyclonedds_ws/build/tf_transformations', 'catkin_cmake_args': None, 'catkin_skip_building_tests': False, 'cmake_args': None, 'cmake_clean_cache': False, 'cmake_clean_first': False, 'cmake_force_configure': False, 'cmake_target': None, 'cmake_target_skip_unavailable': False, 'install_base': '/home/robot/Hiking_deploy/unitree_ros2/cyclonedds_ws/install/tf_transformations', 'merge_install': False, 'path': '/home/robot/Hiking_deploy/unitree_ros2/cyclonedds_ws/src/tf_transformations', 'symlink_install': False, 'test_result_base': None}
[0.183s] Level 5:colcon.colcon_core.verb:set package 'unitree_api' build argument 'cmake_args' from command line to 'None'
[0.183s] Level 5:colcon.colcon_core.verb:set package 'unitree_api' build argument 'cmake_target' from command line to 'None'
[0.183s] Level 5:colcon.colcon_core.verb:set package 'unitree_api' build argument 'cmake_target_skip_unavailable' from command line to 'False'
[0.183s] Level 5:colcon.colcon_core.verb:set package 'unitree_api' build argument 'cmake_clean_cache' from command line to 'False'
[0.183s] Level 5:colcon.colcon_core.verb:set package 'unitree_api' build argument 'cmake_clean_first' from command line to 'False'
[0.183s] Level 5:colcon.colcon_core.verb:set package 'unitree_api' build argument 'cmake_force_configure' from command line to 'False'
[0.183s] Level 5:colcon.colcon_core.verb:set package 'unitree_api' build argument 'ament_cmake_args' from command line to 'None'
[0.183s] Level 5:colcon.colcon_core.verb:set package 'unitree_api' build argument 'catkin_cmake_args' from command line to 'None'
[0.183s] Level 5:colcon.colcon_core.verb:set package 'unitree_api' build argument 'catkin_skip_building_tests' from command line to 'False'
[0.183s] DEBUG:colcon.colcon_core.verb:Building package 'unitree_api' with the following arguments: {'ament_cmake_args': None, 'build_base': '/home/robot/Hiking_deploy/unitree_ros2/cyclonedds_ws/build/unitree_api', 'catkin_cmake_args': None, 'catkin_skip_building_tests': False, 'cmake_args': None, 'cmake_clean_cache': False, 'cmake_clean_first': False, 'cmake_force_configure': False, 'cmake_target': None, 'cmake_target_skip_unavailable': False, 'install_base': '/home/robot/Hiking_deploy/unitree_ros2/cyclonedds_ws/install/unitree_api', 'merge_install': False, 'path': '/home/robot/Hiking_deploy/unitree_ros2/cyclonedds_ws/src/unitree/unitree_api', 'symlink_install': False, 'test_result_base': None}
[0.183s] Level 5:colcon.colcon_core.verb:set package 'unitree_go' build argument 'cmake_args' from command line to 'None'
[0.183s] Level 5:colcon.colcon_core.verb:set package 'unitree_go' build argument 'cmake_target' from command line to 'None'
[0.183s] Level 5:colcon.colcon_core.verb:set package 'unitree_go' build argument 'cmake_target_skip_unavailable' from command line to 'False'
[0.183s] Level 5:colcon.colcon_core.verb:set package 'unitree_go' build argument 'cmake_clean_cache' from command line to 'False'
[0.183s] Level 5:colcon.colcon_core.verb:set package 'unitree_go' build argument 'cmake_clean_first' from command line to 'False'
[0.183s] Level 5:colcon.colcon_core.verb:set package 'unitree_go' build argument 'cmake_force_configure' from command line to 'False'
[0.183s] Level 5:colcon.colcon_core.verb:set package 'unitree_go' build argument 'ament_cmake_args' from command line to 'None'
[0.183s] Level 5:colcon.colcon_core.verb:set package 'unitree_go' build argument 'catkin_cmake_args' from command line to 'None'
[0.183s] Level 5:colcon.colcon_core.verb:set package 'unitree_go' build argument 'catkin_skip_building_tests' from command line to 'False'
[0.183s] DEBUG:colcon.colcon_core.verb:Building package 'unitree_go' with the following arguments: {'ament_cmake_args': None, 'build_base': '/home/robot/Hiking_deploy/unitree_ros2/cyclonedds_ws/build/unitree_go', 'catkin_cmake_args': None, 'catkin_skip_building_tests': False, 'cmake_args': None, 'cmake_clean_cache': False, 'cmake_clean_first': False, 'cmake_force_configure': False, 'cmake_target': None, 'cmake_target_skip_unavailable': False, 'install_base': '/home/robot/Hiking_deploy/unitree_ros2/cyclonedds_ws/install/unitree_go', 'merge_install': False, 'path': '/home/robot/Hiking_deploy/unitree_ros2/cyclonedds_ws/src/unitree/unitree_go', 'symlink_install': False, 'test_result_base': None}
[0.183s] Level 5:colcon.colcon_core.verb:set package 'unitree_hg' build argument 'cmake_args' from command line to 'None'
[0.183s] Level 5:colcon.colcon_core.verb:set package 'unitree_hg' build argument 'cmake_target' from command line to 'None'
[0.183s] Level 5:colcon.colcon_core.verb:set package 'unitree_hg' build argument 'cmake_target_skip_unavailable' from command line to 'False'
[0.183s] Level 5:colcon.colcon_core.verb:set package 'unitree_hg' build argument 'cmake_clean_cache' from command line to 'False'
[0.183s] Level 5:colcon.colcon_core.verb:set package 'unitree_hg' build argument 'cmake_clean_first' from command line to 'False'
[0.183s] Level 5:colcon.colcon_core.verb:set package 'unitree_hg' build argument 'cmake_force_configure' from command line to 'False'
[0.183s] Level 5:colcon.colcon_core.verb:set package 'unitree_hg' build argument 'ament_cmake_args' from command line to 'None'
[0.184s] Level 5:colcon.colcon_core.verb:set package 'unitree_hg' build argument 'catkin_cmake_args' from command line to 'None'
[0.184s] Level 5:colcon.colcon_core.verb:set package 'unitree_hg' build argument 'catkin_skip_building_tests' from command line to 'False'
[0.184s] DEBUG:colcon.colcon_core.verb:Building package 'unitree_hg' with the following arguments: {'ament_cmake_args': None, 'build_base': '/home/robot/Hiking_deploy/unitree_ros2/cyclonedds_ws/build/unitree_hg', 'catkin_cmake_args': None, 'catkin_skip_building_tests': False, 'cmake_args': None, 'cmake_clean_cache': False, 'cmake_clean_first': False, 'cmake_force_configure': False, 'cmake_target': None, 'cmake_target_skip_unavailable': False, 'install_base': '/home/robot/Hiking_deploy/unitree_ros2/cyclonedds_ws/install/unitree_hg', 'merge_install': False, 'path': '/home/robot/Hiking_deploy/unitree_ros2/cyclonedds_ws/src/unitree/unitree_hg', 'symlink_install': False, 'test_result_base': None}
[0.184s] Level 5:colcon.colcon_core.verb:set package 'ros2_numpy' build argument 'cmake_args' from command line to 'None'
[0.184s] Level 5:colcon.colcon_core.verb:set package 'ros2_numpy' build argument 'cmake_target' from command line to 'None'
[0.184s] Level 5:colcon.colcon_core.verb:set package 'ros2_numpy' build argument 'cmake_target_skip_unavailable' from command line to 'False'
[0.184s] Level 5:colcon.colcon_core.verb:set package 'ros2_numpy' build argument 'cmake_clean_cache' from command line to 'False'
[0.184s] Level 5:colcon.colcon_core.verb:set package 'ros2_numpy' build argument 'cmake_clean_first' from command line to 'False'
[0.184s] Level 5:colcon.colcon_core.verb:set package 'ros2_numpy' build argument 'cmake_force_configure' from command line to 'False'
[0.184s] Level 5:colcon.colcon_core.verb:set package 'ros2_numpy' build argument 'ament_cmake_args' from command line to 'None'
[0.184s] Level 5:colcon.colcon_core.verb:set package 'ros2_numpy' build argument 'catkin_cmake_args' from command line to 'None'
[0.184s] Level 5:colcon.colcon_core.verb:set package 'ros2_numpy' build argument 'catkin_skip_building_tests' from command line to 'False'
[0.184s] DEBUG:colcon.colcon_core.verb:Building package 'ros2_numpy' with the following arguments: {'ament_cmake_args': None, 'build_base': '/home/robot/Hiking_deploy/unitree_ros2/cyclonedds_ws/build/ros2_numpy', 'catkin_cmake_args': None, 'catkin_skip_building_tests': False, 'cmake_args': None, 'cmake_clean_cache': False, 'cmake_clean_first': False, 'cmake_force_configure': False, 'cmake_target': None, 'cmake_target_skip_unavailable': False, 'install_base': '/home/robot/Hiking_deploy/unitree_ros2/cyclonedds_ws/install/ros2_numpy', 'merge_install': False, 'path': '/home/robot/Hiking_deploy/unitree_ros2/cyclonedds_ws/src/ros2_numpy', 'symlink_install': False, 'test_result_base': None}
[0.184s] INFO:colcon.colcon_core.executor:Executing jobs using 'parallel' executor
[0.184s] DEBUG:colcon.colcon_parallel_executor.executor.parallel:run_until_complete
[0.185s] INFO:colcon.colcon_ros.task.ament_python.build:Building ROS package in '/home/robot/Hiking_deploy/unitree_ros2/cyclonedds_ws/src/tf_transformations' with build type 'ament_python'
[0.185s] Level 1:colcon.colcon_core.shell:create_environment_hook('tf_transformations', 'ament_prefix_path')
[0.186s] INFO:colcon.colcon_core.plugin_system:Skipping extension 'colcon_core.shell.bat': Not used on non-Windows systems
[0.186s] INFO:colcon.colcon_core.shell:Creating environment hook '/home/robot/Hiking_deploy/unitree_ros2/cyclonedds_ws/install/tf_transformations/share/tf_transformations/hook/ament_prefix_path.ps1'
[0.186s] INFO:colcon.colcon_core.shell:Creating environment descriptor '/home/robot/Hiking_deploy/unitree_ros2/cyclonedds_ws/install/tf_transformations/share/tf_transformations/hook/ament_prefix_path.dsv'
[0.187s] INFO:colcon.colcon_core.shell:Creating environment hook '/home/robot/Hiking_deploy/unitree_ros2/cyclonedds_ws/install/tf_transformations/share/tf_transformations/hook/ament_prefix_path.sh'
[0.187s] INFO:colcon.colcon_core.shell:Skip shell extension 'powershell' for command environment: Not usable outside of PowerShell
[0.187s] DEBUG:colcon.colcon_core.shell:Skip shell extension 'dsv' for command environment
[0.189s] INFO:colcon.colcon_ros.task.ament_cmake.build:Building ROS package in '/home/robot/Hiking_deploy/unitree_ros2/cyclonedds_ws/src/rmw_cyclonedds/rmw_cyclonedds_cpp' with build type 'ament_cmake'
[0.189s] INFO:colcon.colcon_cmake.task.cmake.build:Building CMake package in '/home/robot/Hiking_deploy/unitree_ros2/cyclonedds_ws/src/rmw_cyclonedds/rmw_cyclonedds_cpp'
[0.189s] INFO:colcon.colcon_core.shell:Skip shell extension 'powershell' for command environment: Not usable outside of PowerShell
[0.189s] DEBUG:colcon.colcon_core.shell:Skip shell extension 'dsv' for command environment
[0.191s] INFO:colcon.colcon_ros.task.ament_cmake.build:Building ROS package in '/home/robot/Hiking_deploy/unitree_ros2/cyclonedds_ws/src/unitree/unitree_api' with build type 'ament_cmake'
[0.191s] INFO:colcon.colcon_cmake.task.cmake.build:Building CMake package in '/home/robot/Hiking_deploy/unitree_ros2/cyclonedds_ws/src/unitree/unitree_api'
[0.191s] INFO:colcon.colcon_core.shell:Skip shell extension 'powershell' for command environment: Not usable outside of PowerShell
[0.191s] DEBUG:colcon.colcon_core.shell:Skip shell extension 'dsv' for command environment
[0.193s] INFO:colcon.colcon_ros.task.ament_cmake.build:Building ROS package in '/home/robot/Hiking_deploy/unitree_ros2/cyclonedds_ws/src/unitree/unitree_go' with build type 'ament_cmake'
[0.193s] INFO:colcon.colcon_cmake.task.cmake.build:Building CMake package in '/home/robot/Hiking_deploy/unitree_ros2/cyclonedds_ws/src/unitree/unitree_go'
[0.193s] INFO:colcon.colcon_core.shell:Skip shell extension 'powershell' for command environment: Not usable outside of PowerShell
[0.193s] DEBUG:colcon.colcon_core.shell:Skip shell extension 'dsv' for command environment
[0.195s] INFO:colcon.colcon_ros.task.ament_cmake.build:Building ROS package in '/home/robot/Hiking_deploy/unitree_ros2/cyclonedds_ws/src/unitree/unitree_hg' with build type 'ament_cmake'
[0.195s] INFO:colcon.colcon_cmake.task.cmake.build:Building CMake package in '/home/robot/Hiking_deploy/unitree_ros2/cyclonedds_ws/src/unitree/unitree_hg'
[0.195s] INFO:colcon.colcon_core.shell:Skip shell extension 'powershell' for command environment: Not usable outside of PowerShell
[0.195s] DEBUG:colcon.colcon_core.shell:Skip shell extension 'dsv' for command environment
[0.322s] INFO:colcon.colcon_core.task.python.build:Building Python package in '/home/robot/Hiking_deploy/unitree_ros2/cyclonedds_ws/src/tf_transformations'
[0.323s] INFO:colcon.colcon_core.shell:Skip shell extension 'powershell' for command environment: Not usable outside of PowerShell
[0.323s] DEBUG:colcon.colcon_core.shell:Skip shell extension 'dsv' for command environment
[0.327s] DEBUG:colcon.colcon_core.event_handler.log_command:Invoking command in '/home/robot/Hiking_deploy/unitree_ros2/cyclonedds_ws/build/rmw_cyclonedds_cpp': CMAKE_PREFIX_PATH=${CMAKE_PREFIX_PATH}:/home/robot/Documents/dev_ws/install/learning_urdf:/home/robot/Documents/dev_ws/install/learning_topic:/home/robot/Documents/dev_ws/install/learning_tf:/home/robot/Documents/dev_ws/install/learning_service:/home/robot/Documents/dev_ws/install/learning_qos:/home/robot/Documents/dev_ws/install/learning_pkg_python:/home/robot/Documents/dev_ws/install/learning_parameter:/home/robot/Documents/dev_ws/install/learning_node:/home/robot/Documents/dev_ws/install/learning_launch:/home/robot/Documents/dev_ws/install/learning_action:/home/robot/Documents/dev_ws/install/learning_gazebo_harmonic:/home/robot/Documents/dev_ws/install/learning_gazebo:/home/robot/Documents/dev_ws/install/learning_cv:/opt/ros/humble CONDA_PROMPT_MODIFIER=(base) PS1=(.venv) (base) \[\e]0;\u@\h: \w\a\]${debian_chroot:+($debian_chroot)}\[\033[01;32m\]\u@\h\[\033[00m\]:\[\033[01;34m\]\w\[\033[00m\]\$ /usr/bin/cmake /home/robot/Hiking_deploy/unitree_ros2/cyclonedds_ws/src/rmw_cyclonedds/rmw_cyclonedds_cpp -DCMAKE_INSTALL_PREFIX=/home/robot/Hiking_deploy/unitree_ros2/cyclonedds_ws/install/rmw_cyclonedds_cpp
[0.327s] DEBUG:colcon.colcon_core.event_handler.log_command:Invoking command in '/home/robot/Hiking_deploy/unitree_ros2/cyclonedds_ws/build/unitree_api': CMAKE_PREFIX_PATH=${CMAKE_PREFIX_PATH}:/home/robot/Documents/dev_ws/install/learning_urdf:/home/robot/Documents/dev_ws/install/learning_topic:/home/robot/Documents/dev_ws/install/learning_tf:/home/robot/Documents/dev_ws/install/learning_service:/home/robot/Documents/dev_ws/install/learning_qos:/home/robot/Documents/dev_ws/install/learning_pkg_python:/home/robot/Documents/dev_ws/install/learning_parameter:/home/robot/Documents/dev_ws/install/learning_node:/home/robot/Documents/dev_ws/install/learning_launch:/home/robot/Documents/dev_ws/install/learning_action:/home/robot/Documents/dev_ws/install/learning_gazebo_harmonic:/home/robot/Documents/dev_ws/install/learning_gazebo:/home/robot/Documents/dev_ws/install/learning_cv:/opt/ros/humble CONDA_PROMPT_MODIFIER=(base) PS1=(.venv) (base) \[\e]0;\u@\h: \w\a\]${debian_chroot:+($debian_chroot)}\[\033[01;32m\]\u@\h\[\033[00m\]:\[\033[01;34m\]\w\[\033[00m\]\$ /usr/bin/cmake /home/robot/Hiking_deploy/unitree_ros2/cyclonedds_ws/src/unitree/unitree_api -DCMAKE_INSTALL_PREFIX=/home/robot/Hiking_deploy/unitree_ros2/cyclonedds_ws/install/unitree_api
[0.328s] DEBUG:colcon.colcon_core.event_handler.log_command:Invoking command in '/home/robot/Hiking_deploy/unitree_ros2/cyclonedds_ws/build/unitree_go': CMAKE_PREFIX_PATH=${CMAKE_PREFIX_PATH}:/home/robot/Documents/dev_ws/install/learning_urdf:/home/robot/Documents/dev_ws/install/learning_topic:/home/robot/Documents/dev_ws/install/learning_tf:/home/robot/Documents/dev_ws/install/learning_service:/home/robot/Documents/dev_ws/install/learning_qos:/home/robot/Documents/dev_ws/install/learning_pkg_python:/home/robot/Documents/dev_ws/install/learning_parameter:/home/robot/Documents/dev_ws/install/learning_node:/home/robot/Documents/dev_ws/install/learning_launch:/home/robot/Documents/dev_ws/install/learning_action:/home/robot/Documents/dev_ws/install/learning_gazebo_harmonic:/home/robot/Documents/dev_ws/install/learning_gazebo:/home/robot/Documents/dev_ws/install/learning_cv:/opt/ros/humble CONDA_PROMPT_MODIFIER=(base) PS1=(.venv) (base) \[\e]0;\u@\h: \w\a\]${debian_chroot:+($debian_chroot)}\[\033[01;32m\]\u@\h\[\033[00m\]:\[\033[01;34m\]\w\[\033[00m\]\$ /usr/bin/cmake /home/robot/Hiking_deploy/unitree_ros2/cyclonedds_ws/src/unitree/unitree_go -DCMAKE_INSTALL_PREFIX=/home/robot/Hiking_deploy/unitree_ros2/cyclonedds_ws/install/unitree_go
[0.331s] DEBUG:colcon.colcon_core.event_handler.log_command:Invoking command in '/home/robot/Hiking_deploy/unitree_ros2/cyclonedds_ws/build/unitree_hg': CMAKE_PREFIX_PATH=${CMAKE_PREFIX_PATH}:/home/robot/Documents/dev_ws/install/learning_urdf:/home/robot/Documents/dev_ws/install/learning_topic:/home/robot/Documents/dev_ws/install/learning_tf:/home/robot/Documents/dev_ws/install/learning_service:/home/robot/Documents/dev_ws/install/learning_qos:/home/robot/Documents/dev_ws/install/learning_pkg_python:/home/robot/Documents/dev_ws/install/learning_parameter:/home/robot/Documents/dev_ws/install/learning_node:/home/robot/Documents/dev_ws/install/learning_launch:/home/robot/Documents/dev_ws/install/learning_action:/home/robot/Documents/dev_ws/install/learning_gazebo_harmonic:/home/robot/Documents/dev_ws/install/learning_gazebo:/home/robot/Documents/dev_ws/install/learning_cv:/opt/ros/humble CONDA_PROMPT_MODIFIER=(base) PS1=(.venv) (base) \[\e]0;\u@\h: \w\a\]${debian_chroot:+($debian_chroot)}\[\033[01;32m\]\u@\h\[\033[00m\]:\[\033[01;34m\]\w\[\033[00m\]\$ /usr/bin/cmake /home/robot/Hiking_deploy/unitree_ros2/cyclonedds_ws/src/unitree/unitree_hg -DCMAKE_INSTALL_PREFIX=/home/robot/Hiking_deploy/unitree_ros2/cyclonedds_ws/install/unitree_hg
[0.635s] DEBUG:colcon.colcon_core.event_handler.log_command:Invoking command in '/home/robot/Hiking_deploy/unitree_ros2/cyclonedds_ws/src/tf_transformations': CONDA_PROMPT_MODIFIER=(base) PS1=(.venv) (base) \[\e]0;\u@\h: \w\a\]${debian_chroot:+($debian_chroot)}\[\033[01;32m\]\u@\h\[\033[00m\]:\[\033[01;34m\]\w\[\033[00m\]\$ PYTHONPATH=/home/robot/Hiking_deploy/unitree_ros2/cyclonedds_ws/build/tf_transformations/prefix_override:/usr/lib/python3/dist-packages/colcon_core/task/python/colcon_distutils_commands:/home/robot/Hiking_deploy/unitree_ros2/cyclonedds_ws/install/tf_transformations/lib/python3.10/site-packages:${PYTHONPATH} /usr/bin/python3 -W ignore:setup.py install is deprecated -W ignore:easy_install command is deprecated setup.py egg_info --egg-base ../../build/tf_transformations build --build-base /home/robot/Hiking_deploy/unitree_ros2/cyclonedds_ws/build/tf_transformations/build install --record /home/robot/Hiking_deploy/unitree_ros2/cyclonedds_ws/build/tf_transformations/install.log --single-version-externally-managed install_data
[0.874s] DEBUG:colcon.colcon_core.event_handler.log_command:Invoked command in '/home/robot/Hiking_deploy/unitree_ros2/cyclonedds_ws/src/tf_transformations' returned '0': CONDA_PROMPT_MODIFIER=(base) PS1=(.venv) (base) \[\e]0;\u@\h: \w\a\]${debian_chroot:+($debian_chroot)}\[\033[01;32m\]\u@\h\[\033[00m\]:\[\033[01;34m\]\w\[\033[00m\]\$ PYTHONPATH=/home/robot/Hiking_deploy/unitree_ros2/cyclonedds_ws/build/tf_transformations/prefix_override:/usr/lib/python3/dist-packages/colcon_core/task/python/colcon_distutils_commands:/home/robot/Hiking_deploy/unitree_ros2/cyclonedds_ws/install/tf_transformations/lib/python3.10/site-packages:${PYTHONPATH} /usr/bin/python3 -W ignore:setup.py install is deprecated -W ignore:easy_install command is deprecated setup.py egg_info --egg-base ../../build/tf_transformations build --build-base /home/robot/Hiking_deploy/unitree_ros2/cyclonedds_ws/build/tf_transformations/build install --record /home/robot/Hiking_deploy/unitree_ros2/cyclonedds_ws/build/tf_transformations/install.log --single-version-externally-managed install_data
[0.876s] Level 1:colcon.colcon_core.environment:checking '/home/robot/Hiking_deploy/unitree_ros2/cyclonedds_ws/install/tf_transformations' for CMake module files
[0.877s] Level 1:colcon.colcon_core.environment:checking '/home/robot/Hiking_deploy/unitree_ros2/cyclonedds_ws/install/tf_transformations' for CMake config files
[0.877s] Level 1:colcon.colcon_core.environment:checking '/home/robot/Hiking_deploy/unitree_ros2/cyclonedds_ws/install/tf_transformations/lib'
[0.877s] Level 1:colcon.colcon_core.environment:checking '/home/robot/Hiking_deploy/unitree_ros2/cyclonedds_ws/install/tf_transformations/bin'
[0.877s] Level 1:colcon.colcon_core.environment:checking '/home/robot/Hiking_deploy/unitree_ros2/cyclonedds_ws/install/tf_transformations/lib/pkgconfig/tf_transformations.pc'
[0.878s] Level 1:colcon.colcon_core.environment:checking '/home/robot/Hiking_deploy/unitree_ros2/cyclonedds_ws/install/tf_transformations/lib/python3.10/site-packages'
[0.878s] Level 1:colcon.colcon_core.shell:create_environment_hook('tf_transformations', 'pythonpath')
[0.878s] INFO:colcon.colcon_core.shell:Creating environment hook '/home/robot/Hiking_deploy/unitree_ros2/cyclonedds_ws/install/tf_transformations/share/tf_transformations/hook/pythonpath.ps1'
[0.878s] INFO:colcon.colcon_core.shell:Creating environment descriptor '/home/robot/Hiking_deploy/unitree_ros2/cyclonedds_ws/install/tf_transformations/share/tf_transformations/hook/pythonpath.dsv'
[0.878s] INFO:colcon.colcon_core.shell:Creating environment hook '/home/robot/Hiking_deploy/unitree_ros2/cyclonedds_ws/install/tf_transformations/share/tf_transformations/hook/pythonpath.sh'
[0.879s] Level 1:colcon.colcon_core.environment:checking '/home/robot/Hiking_deploy/unitree_ros2/cyclonedds_ws/install/tf_transformations/bin'
[0.879s] Level 1:colcon.colcon_core.environment:create_environment_scripts_only(tf_transformations)
[0.879s] INFO:colcon.colcon_core.shell:Creating package script '/home/robot/Hiking_deploy/unitree_ros2/cyclonedds_ws/install/tf_transformations/share/tf_transformations/package.ps1'
[0.880s] INFO:colcon.colcon_core.shell:Creating package descriptor '/home/robot/Hiking_deploy/unitree_ros2/cyclonedds_ws/install/tf_transformations/share/tf_transformations/package.dsv'
[0.880s] INFO:colcon.colcon_core.shell:Creating package script '/home/robot/Hiking_deploy/unitree_ros2/cyclonedds_ws/install/tf_transformations/share/tf_transformations/package.sh'
[0.881s] INFO:colcon.colcon_core.shell:Creating package script '/home/robot/Hiking_deploy/unitree_ros2/cyclonedds_ws/install/tf_transformations/share/tf_transformations/package.bash'
[0.881s] INFO:colcon.colcon_core.shell:Creating package script '/home/robot/Hiking_deploy/unitree_ros2/cyclonedds_ws/install/tf_transformations/share/tf_transformations/package.zsh'
[0.882s] Level 1:colcon.colcon_core.environment:create_file_with_runtime_dependencies(/home/robot/Hiking_deploy/unitree_ros2/cyclonedds_ws/install/tf_transformations/share/colcon-core/packages/tf_transformations)
[0.882s] INFO:colcon.colcon_ros.task.ament_cmake.build:Building ROS package in '/home/robot/Hiking_deploy/unitree_ros2/cyclonedds_ws/src/ros2_numpy' with build type 'ament_cmake'
[0.882s] INFO:colcon.colcon_cmake.task.cmake.build:Building CMake package in '/home/robot/Hiking_deploy/unitree_ros2/cyclonedds_ws/src/ros2_numpy'
[0.882s] INFO:colcon.colcon_core.shell:Skip shell extension 'powershell' for command environment: Not usable outside of PowerShell
[0.882s] DEBUG:colcon.colcon_core.shell:Skip shell extension 'dsv' for command environment
[0.891s] DEBUG:colcon.colcon_core.event_handler.log_command:Invoking command in '/home/robot/Hiking_deploy/unitree_ros2/cyclonedds_ws/build/ros2_numpy': AMENT_PREFIX_PATH=/home/robot/Hiking_deploy/unitree_ros2/cyclonedds_ws/install/tf_transformations:${AMENT_PREFIX_PATH} CMAKE_PREFIX_PATH=${CMAKE_PREFIX_PATH}:/home/robot/Documents/dev_ws/install/learning_urdf:/home/robot/Documents/dev_ws/install/learning_topic:/home/robot/Documents/dev_ws/install/learning_tf:/home/robot/Documents/dev_ws/install/learning_service:/home/robot/Documents/dev_ws/install/learning_qos:/home/robot/Documents/dev_ws/install/learning_pkg_python:/home/robot/Documents/dev_ws/install/learning_parameter:/home/robot/Documents/dev_ws/install/learning_node:/home/robot/Documents/dev_ws/install/learning_launch:/home/robot/Documents/dev_ws/install/learning_action:/home/robot/Documents/dev_ws/install/learning_gazebo_harmonic:/home/robot/Documents/dev_ws/install/learning_gazebo:/home/robot/Documents/dev_ws/install/learning_cv:/opt/ros/humble CONDA_PROMPT_MODIFIER=(base) PS1=(.venv) (base) \[\e]0;\u@\h: \w\a\]${debian_chroot:+($debian_chroot)}\[\033[01;32m\]\u@\h\[\033[00m\]:\[\033[01;34m\]\w\[\033[00m\]\$ PYTHONPATH=/home/robot/Hiking_deploy/unitree_ros2/cyclonedds_ws/install/tf_transformations/lib/python3.10/site-packages:${PYTHONPATH} /usr/bin/cmake /home/robot/Hiking_deploy/unitree_ros2/cyclonedds_ws/src/ros2_numpy -DCMAKE_INSTALL_PREFIX=/home/robot/Hiking_deploy/unitree_ros2/cyclonedds_ws/install/ros2_numpy
[1.096s] DEBUG:colcon.colcon_core.event_handler.log_command:Invoked command in '/home/robot/Hiking_deploy/unitree_ros2/cyclonedds_ws/build/rmw_cyclonedds_cpp' returned '0': CMAKE_PREFIX_PATH=${CMAKE_PREFIX_PATH}:/home/robot/Documents/dev_ws/install/learning_urdf:/home/robot/Documents/dev_ws/install/learning_topic:/home/robot/Documents/dev_ws/install/learning_tf:/home/robot/Documents/dev_ws/install/learning_service:/home/robot/Documents/dev_ws/install/learning_qos:/home/robot/Documents/dev_ws/install/learning_pkg_python:/home/robot/Documents/dev_ws/install/learning_parameter:/home/robot/Documents/dev_ws/install/learning_node:/home/robot/Documents/dev_ws/install/learning_launch:/home/robot/Documents/dev_ws/install/learning_action:/home/robot/Documents/dev_ws/install/learning_gazebo_harmonic:/home/robot/Documents/dev_ws/install/learning_gazebo:/home/robot/Documents/dev_ws/install/learning_cv:/opt/ros/humble CONDA_PROMPT_MODIFIER=(base) PS1=(.venv) (base) \[\e]0;\u@\h: \w\a\]${debian_chroot:+($debian_chroot)}\[\033[01;32m\]\u@\h\[\033[00m\]:\[\033[01;34m\]\w\[\033[00m\]\$ /usr/bin/cmake /home/robot/Hiking_deploy/unitree_ros2/cyclonedds_ws/src/rmw_cyclonedds/rmw_cyclonedds_cpp -DCMAKE_INSTALL_PREFIX=/home/robot/Hiking_deploy/unitree_ros2/cyclonedds_ws/install/rmw_cyclonedds_cpp
[1.097s] DEBUG:colcon.colcon_core.event_handler.log_command:Invoking command in '/home/robot/Hiking_deploy/unitree_ros2/cyclonedds_ws/build/rmw_cyclonedds_cpp': CMAKE_PREFIX_PATH=${CMAKE_PREFIX_PATH}:/home/robot/Documents/dev_ws/install/learning_urdf:/home/robot/Documents/dev_ws/install/learning_topic:/home/robot/Documents/dev_ws/install/learning_tf:/home/robot/Documents/dev_ws/install/learning_service:/home/robot/Documents/dev_ws/install/learning_qos:/home/robot/Documents/dev_ws/install/learning_pkg_python:/home/robot/Documents/dev_ws/install/learning_parameter:/home/robot/Documents/dev_ws/install/learning_node:/home/robot/Documents/dev_ws/install/learning_launch:/home/robot/Documents/dev_ws/install/learning_action:/home/robot/Documents/dev_ws/install/learning_gazebo_harmonic:/home/robot/Documents/dev_ws/install/learning_gazebo:/home/robot/Documents/dev_ws/install/learning_cv:/opt/ros/humble CONDA_PROMPT_MODIFIER=(base) PS1=(.venv) (base) \[\e]0;\u@\h: \w\a\]${debian_chroot:+($debian_chroot)}\[\033[01;32m\]\u@\h\[\033[00m\]:\[\033[01;34m\]\w\[\033[00m\]\$ /usr/bin/cmake --build /home/robot/Hiking_deploy/unitree_ros2/cyclonedds_ws/build/rmw_cyclonedds_cpp -- -j28 -l28
[1.124s] DEBUG:colcon.colcon_core.event_handler.log_command:Invoked command in '/home/robot/Hiking_deploy/unitree_ros2/cyclonedds_ws/build/rmw_cyclonedds_cpp' returned '0': CMAKE_PREFIX_PATH=${CMAKE_PREFIX_PATH}:/home/robot/Documents/dev_ws/install/learning_urdf:/home/robot/Documents/dev_ws/install/learning_topic:/home/robot/Documents/dev_ws/install/learning_tf:/home/robot/Documents/dev_ws/install/learning_service:/home/robot/Documents/dev_ws/install/learning_qos:/home/robot/Documents/dev_ws/install/learning_pkg_python:/home/robot/Documents/dev_ws/install/learning_parameter:/home/robot/Documents/dev_ws/install/learning_node:/home/robot/Documents/dev_ws/install/learning_launch:/home/robot/Documents/dev_ws/install/learning_action:/home/robot/Documents/dev_ws/install/learning_gazebo_harmonic:/home/robot/Documents/dev_ws/install/learning_gazebo:/home/robot/Documents/dev_ws/install/learning_cv:/opt/ros/humble CONDA_PROMPT_MODIFIER=(base) PS1=(.venv) (base) \[\e]0;\u@\h: \w\a\]${debian_chroot:+($debian_chroot)}\[\033[01;32m\]\u@\h\[\033[00m\]:\[\033[01;34m\]\w\[\033[00m\]\$ /usr/bin/cmake --build /home/robot/Hiking_deploy/unitree_ros2/cyclonedds_ws/build/rmw_cyclonedds_cpp -- -j28 -l28
[1.132s] DEBUG:colcon.colcon_core.event_handler.log_command:Invoking command in '/home/robot/Hiking_deploy/unitree_ros2/cyclonedds_ws/build/rmw_cyclonedds_cpp': CMAKE_PREFIX_PATH=${CMAKE_PREFIX_PATH}:/home/robot/Documents/dev_ws/install/learning_urdf:/home/robot/Documents/dev_ws/install/learning_topic:/home/robot/Documents/dev_ws/install/learning_tf:/home/robot/Documents/dev_ws/install/learning_service:/home/robot/Documents/dev_ws/install/learning_qos:/home/robot/Documents/dev_ws/install/learning_pkg_python:/home/robot/Documents/dev_ws/install/learning_parameter:/home/robot/Documents/dev_ws/install/learning_node:/home/robot/Documents/dev_ws/install/learning_launch:/home/robot/Documents/dev_ws/install/learning_action:/home/robot/Documents/dev_ws/install/learning_gazebo_harmonic:/home/robot/Documents/dev_ws/install/learning_gazebo:/home/robot/Documents/dev_ws/install/learning_cv:/opt/ros/humble CONDA_PROMPT_MODIFIER=(base) PS1=(.venv) (base) \[\e]0;\u@\h: \w\a\]${debian_chroot:+($debian_chroot)}\[\033[01;32m\]\u@\h\[\033[00m\]:\[\033[01;34m\]\w\[\033[00m\]\$ /usr/bin/cmake --install /home/robot/Hiking_deploy/unitree_ros2/cyclonedds_ws/build/rmw_cyclonedds_cpp
[1.137s] Level 1:colcon.colcon_core.environment:create_environment_scripts_only(rmw_cyclonedds_cpp)
[1.138s] Level 1:colcon.colcon_core.environment:checking '/home/robot/Hiking_deploy/unitree_ros2/cyclonedds_ws/install/rmw_cyclonedds_cpp' for CMake module files
[1.138s] DEBUG:colcon.colcon_core.event_handler.log_command:Invoked command in '/home/robot/Hiking_deploy/unitree_ros2/cyclonedds_ws/build/rmw_cyclonedds_cpp' returned '0': CMAKE_PREFIX_PATH=${CMAKE_PREFIX_PATH}:/home/robot/Documents/dev_ws/install/learning_urdf:/home/robot/Documents/dev_ws/install/learning_topic:/home/robot/Documents/dev_ws/install/learning_tf:/home/robot/Documents/dev_ws/install/learning_service:/home/robot/Documents/dev_ws/install/learning_qos:/home/robot/Documents/dev_ws/install/learning_pkg_python:/home/robot/Documents/dev_ws/install/learning_parameter:/home/robot/Documents/dev_ws/install/learning_node:/home/robot/Documents/dev_ws/install/learning_launch:/home/robot/Documents/dev_ws/install/learning_action:/home/robot/Documents/dev_ws/install/learning_gazebo_harmonic:/home/robot/Documents/dev_ws/install/learning_gazebo:/home/robot/Documents/dev_ws/install/learning_cv:/opt/ros/humble CONDA_PROMPT_MODIFIER=(base) PS1=(.venv) (base) \[\e]0;\u@\h: \w\a\]${debian_chroot:+($debian_chroot)}\[\033[01;32m\]\u@\h\[\033[00m\]:\[\033[01;34m\]\w\[\033[00m\]\$ /usr/bin/cmake --install /home/robot/Hiking_deploy/unitree_ros2/cyclonedds_ws/build/rmw_cyclonedds_cpp
[1.138s] Level 1:colcon.colcon_core.environment:checking '/home/robot/Hiking_deploy/unitree_ros2/cyclonedds_ws/install/rmw_cyclonedds_cpp' for CMake config files
[1.138s] Level 1:colcon.colcon_core.shell:create_environment_hook('rmw_cyclonedds_cpp', 'cmake_prefix_path')
[1.138s] INFO:colcon.colcon_core.shell:Creating environment hook '/home/robot/Hiking_deploy/unitree_ros2/cyclonedds_ws/install/rmw_cyclonedds_cpp/share/rmw_cyclonedds_cpp/hook/cmake_prefix_path.ps1'
[1.139s] INFO:colcon.colcon_core.shell:Creating environment descriptor '/home/robot/Hiking_deploy/unitree_ros2/cyclonedds_ws/install/rmw_cyclonedds_cpp/share/rmw_cyclonedds_cpp/hook/cmake_prefix_path.dsv'
[1.139s] INFO:colcon.colcon_core.shell:Creating environment hook '/home/robot/Hiking_deploy/unitree_ros2/cyclonedds_ws/install/rmw_cyclonedds_cpp/share/rmw_cyclonedds_cpp/hook/cmake_prefix_path.sh'
[1.139s] Level 1:colcon.colcon_core.environment:checking '/home/robot/Hiking_deploy/unitree_ros2/cyclonedds_ws/install/rmw_cyclonedds_cpp/bin'
[1.139s] Level 1:colcon.colcon_core.environment:checking '/home/robot/Hiking_deploy/unitree_ros2/cyclonedds_ws/install/rmw_cyclonedds_cpp/lib/pkgconfig/rmw_cyclonedds_cpp.pc'
[1.140s] Level 1:colcon.colcon_core.environment:checking '/home/robot/Hiking_deploy/unitree_ros2/cyclonedds_ws/install/rmw_cyclonedds_cpp/lib/python3.10/site-packages'
[1.140s] Level 1:colcon.colcon_core.environment:checking '/home/robot/Hiking_deploy/unitree_ros2/cyclonedds_ws/install/rmw_cyclonedds_cpp/bin'
[1.140s] INFO:colcon.colcon_core.shell:Creating package script '/home/robot/Hiking_deploy/unitree_ros2/cyclonedds_ws/install/rmw_cyclonedds_cpp/share/rmw_cyclonedds_cpp/package.ps1'
[1.141s] INFO:colcon.colcon_core.shell:Creating package descriptor '/home/robot/Hiking_deploy/unitree_ros2/cyclonedds_ws/install/rmw_cyclonedds_cpp/share/rmw_cyclonedds_cpp/package.dsv'
[1.141s] INFO:colcon.colcon_core.shell:Creating package script '/home/robot/Hiking_deploy/unitree_ros2/cyclonedds_ws/install/rmw_cyclonedds_cpp/share/rmw_cyclonedds_cpp/package.sh'
[1.141s] INFO:colcon.colcon_core.shell:Creating package script '/home/robot/Hiking_deploy/unitree_ros2/cyclonedds_ws/install/rmw_cyclonedds_cpp/share/rmw_cyclonedds_cpp/package.bash'
[1.141s] INFO:colcon.colcon_core.shell:Creating package script '/home/robot/Hiking_deploy/unitree_ros2/cyclonedds_ws/install/rmw_cyclonedds_cpp/share/rmw_cyclonedds_cpp/package.zsh'
[1.142s] Level 1:colcon.colcon_core.environment:create_file_with_runtime_dependencies(/home/robot/Hiking_deploy/unitree_ros2/cyclonedds_ws/install/rmw_cyclonedds_cpp/share/colcon-core/packages/rmw_cyclonedds_cpp)
[1.142s] Level 1:colcon.colcon_core.environment:create_environment_scripts_only(rmw_cyclonedds_cpp)
[1.142s] Level 1:colcon.colcon_core.environment:checking '/home/robot/Hiking_deploy/unitree_ros2/cyclonedds_ws/install/rmw_cyclonedds_cpp' for CMake module files
[1.142s] Level 1:colcon.colcon_core.environment:checking '/home/robot/Hiking_deploy/unitree_ros2/cyclonedds_ws/install/rmw_cyclonedds_cpp' for CMake config files
[1.143s] Level 1:colcon.colcon_core.shell:create_environment_hook('rmw_cyclonedds_cpp', 'cmake_prefix_path')
[1.143s] INFO:colcon.colcon_core.shell:Creating environment hook '/home/robot/Hiking_deploy/unitree_ros2/cyclonedds_ws/install/rmw_cyclonedds_cpp/share/rmw_cyclonedds_cpp/hook/cmake_prefix_path.ps1'
[1.143s] INFO:colcon.colcon_core.shell:Creating environment descriptor '/home/robot/Hiking_deploy/unitree_ros2/cyclonedds_ws/install/rmw_cyclonedds_cpp/share/rmw_cyclonedds_cpp/hook/cmake_prefix_path.dsv'
[1.143s] INFO:colcon.colcon_core.shell:Creating environment hook '/home/robot/Hiking_deploy/unitree_ros2/cyclonedds_ws/install/rmw_cyclonedds_cpp/share/rmw_cyclonedds_cpp/hook/cmake_prefix_path.sh'
[1.144s] Level 1:colcon.colcon_core.environment:checking '/home/robot/Hiking_deploy/unitree_ros2/cyclonedds_ws/install/rmw_cyclonedds_cpp/bin'
[1.144s] Level 1:colcon.colcon_core.environment:checking '/home/robot/Hiking_deploy/unitree_ros2/cyclonedds_ws/install/rmw_cyclonedds_cpp/lib/pkgconfig/rmw_cyclonedds_cpp.pc'
[1.144s] Level 1:colcon.colcon_core.environment:checking '/home/robot/Hiking_deploy/unitree_ros2/cyclonedds_ws/install/rmw_cyclonedds_cpp/lib/python3.10/site-packages'
[1.144s] Level 1:colcon.colcon_core.environment:checking '/home/robot/Hiking_deploy/unitree_ros2/cyclonedds_ws/install/rmw_cyclonedds_cpp/bin'
[1.144s] INFO:colcon.colcon_core.shell:Creating package script '/home/robot/Hiking_deploy/unitree_ros2/cyclonedds_ws/install/rmw_cyclonedds_cpp/share/rmw_cyclonedds_cpp/package.ps1'
[1.145s] INFO:colcon.colcon_core.shell:Creating package descriptor '/home/robot/Hiking_deploy/unitree_ros2/cyclonedds_ws/install/rmw_cyclonedds_cpp/share/rmw_cyclonedds_cpp/package.dsv'
[1.145s] INFO:colcon.colcon_core.shell:Creating package script '/home/robot/Hiking_deploy/unitree_ros2/cyclonedds_ws/install/rmw_cyclonedds_cpp/share/rmw_cyclonedds_cpp/package.sh'
[1.145s] INFO:colcon.colcon_core.shell:Creating package script '/home/robot/Hiking_deploy/unitree_ros2/cyclonedds_ws/install/rmw_cyclonedds_cpp/share/rmw_cyclonedds_cpp/package.bash'
[1.146s] INFO:colcon.colcon_core.shell:Creating package script '/home/robot/Hiking_deploy/unitree_ros2/cyclonedds_ws/install/rmw_cyclonedds_cpp/share/rmw_cyclonedds_cpp/package.zsh'
[1.146s] Level 1:colcon.colcon_core.environment:create_file_with_runtime_dependencies(/home/robot/Hiking_deploy/unitree_ros2/cyclonedds_ws/install/rmw_cyclonedds_cpp/share/colcon-core/packages/rmw_cyclonedds_cpp)
[2.058s] DEBUG:colcon.colcon_core.event_handler.log_command:Invoked command in '/home/robot/Hiking_deploy/unitree_ros2/cyclonedds_ws/build/unitree_hg' returned '0': CMAKE_PREFIX_PATH=${CMAKE_PREFIX_PATH}:/home/robot/Documents/dev_ws/install/learning_urdf:/home/robot/Documents/dev_ws/install/learning_topic:/home/robot/Documents/dev_ws/install/learning_tf:/home/robot/Documents/dev_ws/install/learning_service:/home/robot/Documents/dev_ws/install/learning_qos:/home/robot/Documents/dev_ws/install/learning_pkg_python:/home/robot/Documents/dev_ws/install/learning_parameter:/home/robot/Documents/dev_ws/install/learning_node:/home/robot/Documents/dev_ws/install/learning_launch:/home/robot/Documents/dev_ws/install/learning_action:/home/robot/Documents/dev_ws/install/learning_gazebo_harmonic:/home/robot/Documents/dev_ws/install/learning_gazebo:/home/robot/Documents/dev_ws/install/learning_cv:/opt/ros/humble CONDA_PROMPT_MODIFIER=(base) PS1=(.venv) (base) \[\e]0;\u@\h: \w\a\]${debian_chroot:+($debian_chroot)}\[\033[01;32m\]\u@\h\[\033[00m\]:\[\033[01;34m\]\w\[\033[00m\]\$ /usr/bin/cmake /home/robot/Hiking_deploy/unitree_ros2/cyclonedds_ws/src/unitree/unitree_hg -DCMAKE_INSTALL_PREFIX=/home/robot/Hiking_deploy/unitree_ros2/cyclonedds_ws/install/unitree_hg
[2.059s] DEBUG:colcon.colcon_core.event_handler.log_command:Invoking command in '/home/robot/Hiking_deploy/unitree_ros2/cyclonedds_ws/build/unitree_hg': CMAKE_PREFIX_PATH=${CMAKE_PREFIX_PATH}:/home/robot/Documents/dev_ws/install/learning_urdf:/home/robot/Documents/dev_ws/install/learning_topic:/home/robot/Documents/dev_ws/install/learning_tf:/home/robot/Documents/dev_ws/install/learning_service:/home/robot/Documents/dev_ws/install/learning_qos:/home/robot/Documents/dev_ws/install/learning_pkg_python:/home/robot/Documents/dev_ws/install/learning_parameter:/home/robot/Documents/dev_ws/install/learning_node:/home/robot/Documents/dev_ws/install/learning_launch:/home/robot/Documents/dev_ws/install/learning_action:/home/robot/Documents/dev_ws/install/learning_gazebo_harmonic:/home/robot/Documents/dev_ws/install/learning_gazebo:/home/robot/Documents/dev_ws/install/learning_cv:/opt/ros/humble CONDA_PROMPT_MODIFIER=(base) PS1=(.venv) (base) \[\e]0;\u@\h: \w\a\]${debian_chroot:+($debian_chroot)}\[\033[01;32m\]\u@\h\[\033[00m\]:\[\033[01;34m\]\w\[\033[00m\]\$ /usr/bin/cmake --build /home/robot/Hiking_deploy/unitree_ros2/cyclonedds_ws/build/unitree_hg -- -j28 -l28
[2.082s] DEBUG:colcon.colcon_core.event_handler.log_command:Invoked command in '/home/robot/Hiking_deploy/unitree_ros2/cyclonedds_ws/build/unitree_api' returned '0': CMAKE_PREFIX_PATH=${CMAKE_PREFIX_PATH}:/home/robot/Documents/dev_ws/install/learning_urdf:/home/robot/Documents/dev_ws/install/learning_topic:/home/robot/Documents/dev_ws/install/learning_tf:/home/robot/Documents/dev_ws/install/learning_service:/home/robot/Documents/dev_ws/install/learning_qos:/home/robot/Documents/dev_ws/install/learning_pkg_python:/home/robot/Documents/dev_ws/install/learning_parameter:/home/robot/Documents/dev_ws/install/learning_node:/home/robot/Documents/dev_ws/install/learning_launch:/home/robot/Documents/dev_ws/install/learning_action:/home/robot/Documents/dev_ws/install/learning_gazebo_harmonic:/home/robot/Documents/dev_ws/install/learning_gazebo:/home/robot/Documents/dev_ws/install/learning_cv:/opt/ros/humble CONDA_PROMPT_MODIFIER=(base) PS1=(.venv) (base) \[\e]0;\u@\h: \w\a\]${debian_chroot:+($debian_chroot)}\[\033[01;32m\]\u@\h\[\033[00m\]:\[\033[01;34m\]\w\[\033[00m\]\$ /usr/bin/cmake /home/robot/Hiking_deploy/unitree_ros2/cyclonedds_ws/src/unitree/unitree_api -DCMAKE_INSTALL_PREFIX=/home/robot/Hiking_deploy/unitree_ros2/cyclonedds_ws/install/unitree_api
[2.083s] DEBUG:colcon.colcon_core.event_handler.log_command:Invoking command in '/home/robot/Hiking_deploy/unitree_ros2/cyclonedds_ws/build/unitree_api': CMAKE_PREFIX_PATH=${CMAKE_PREFIX_PATH}:/home/robot/Documents/dev_ws/install/learning_urdf:/home/robot/Documents/dev_ws/install/learning_topic:/home/robot/Documents/dev_ws/install/learning_tf:/home/robot/Documents/dev_ws/install/learning_service:/home/robot/Documents/dev_ws/install/learning_qos:/home/robot/Documents/dev_ws/install/learning_pkg_python:/home/robot/Documents/dev_ws/install/learning_parameter:/home/robot/Documents/dev_ws/install/learning_node:/home/robot/Documents/dev_ws/install/learning_launch:/home/robot/Documents/dev_ws/install/learning_action:/home/robot/Documents/dev_ws/install/learning_gazebo_harmonic:/home/robot/Documents/dev_ws/install/learning_gazebo:/home/robot/Documents/dev_ws/install/learning_cv:/opt/ros/humble CONDA_PROMPT_MODIFIER=(base) PS1=(.venv) (base) \[\e]0;\u@\h: \w\a\]${debian_chroot:+($debian_chroot)}\[\033[01;32m\]\u@\h\[\033[00m\]:\[\033[01;34m\]\w\[\033[00m\]\$ /usr/bin/cmake --build /home/robot/Hiking_deploy/unitree_ros2/cyclonedds_ws/build/unitree_api -- -j28 -l28
[2.087s] DEBUG:colcon.colcon_core.event_handler.log_command:Invoked command in '/home/robot/Hiking_deploy/unitree_ros2/cyclonedds_ws/build/unitree_go' returned '0': CMAKE_PREFIX_PATH=${CMAKE_PREFIX_PATH}:/home/robot/Documents/dev_ws/install/learning_urdf:/home/robot/Documents/dev_ws/install/learning_topic:/home/robot/Documents/dev_ws/install/learning_tf:/home/robot/Documents/dev_ws/install/learning_service:/home/robot/Documents/dev_ws/install/learning_qos:/home/robot/Documents/dev_ws/install/learning_pkg_python:/home/robot/Documents/dev_ws/install/learning_parameter:/home/robot/Documents/dev_ws/install/learning_node:/home/robot/Documents/dev_ws/install/learning_launch:/home/robot/Documents/dev_ws/install/learning_action:/home/robot/Documents/dev_ws/install/learning_gazebo_harmonic:/home/robot/Documents/dev_ws/install/learning_gazebo:/home/robot/Documents/dev_ws/install/learning_cv:/opt/ros/humble CONDA_PROMPT_MODIFIER=(base) PS1=(.venv) (base) \[\e]0;\u@\h: \w\a\]${debian_chroot:+($debian_chroot)}\[\033[01;32m\]\u@\h\[\033[00m\]:\[\033[01;34m\]\w\[\033[00m\]\$ /usr/bin/cmake /home/robot/Hiking_deploy/unitree_ros2/cyclonedds_ws/src/unitree/unitree_go -DCMAKE_INSTALL_PREFIX=/home/robot/Hiking_deploy/unitree_ros2/cyclonedds_ws/install/unitree_go
[2.087s] DEBUG:colcon.colcon_core.event_handler.log_command:Invoking command in '/home/robot/Hiking_deploy/unitree_ros2/cyclonedds_ws/build/unitree_go': CMAKE_PREFIX_PATH=${CMAKE_PREFIX_PATH}:/home/robot/Documents/dev_ws/install/learning_urdf:/home/robot/Documents/dev_ws/install/learning_topic:/home/robot/Documents/dev_ws/install/learning_tf:/home/robot/Documents/dev_ws/install/learning_service:/home/robot/Documents/dev_ws/install/learning_qos:/home/robot/Documents/dev_ws/install/learning_pkg_python:/home/robot/Documents/dev_ws/install/learning_parameter:/home/robot/Documents/dev_ws/install/learning_node:/home/robot/Documents/dev_ws/install/learning_launch:/home/robot/Documents/dev_ws/install/learning_action:/home/robot/Documents/dev_ws/install/learning_gazebo_harmonic:/home/robot/Documents/dev_ws/install/learning_gazebo:/home/robot/Documents/dev_ws/install/learning_cv:/opt/ros/humble CONDA_PROMPT_MODIFIER=(base) PS1=(.venv) (base) \[\e]0;\u@\h: \w\a\]${debian_chroot:+($debian_chroot)}\[\033[01;32m\]\u@\h\[\033[00m\]:\[\033[01;34m\]\w\[\033[00m\]\$ /usr/bin/cmake --build /home/robot/Hiking_deploy/unitree_ros2/cyclonedds_ws/build/unitree_go -- -j28 -l28
[3.395s] DEBUG:colcon.colcon_core.event_handler.log_command:Invoked command in '/home/robot/Hiking_deploy/unitree_ros2/cyclonedds_ws/build/ros2_numpy' returned '0': AMENT_PREFIX_PATH=/home/robot/Hiking_deploy/unitree_ros2/cyclonedds_ws/install/tf_transformations:${AMENT_PREFIX_PATH} CMAKE_PREFIX_PATH=${CMAKE_PREFIX_PATH}:/home/robot/Documents/dev_ws/install/learning_urdf:/home/robot/Documents/dev_ws/install/learning_topic:/home/robot/Documents/dev_ws/install/learning_tf:/home/robot/Documents/dev_ws/install/learning_service:/home/robot/Documents/dev_ws/install/learning_qos:/home/robot/Documents/dev_ws/install/learning_pkg_python:/home/robot/Documents/dev_ws/install/learning_parameter:/home/robot/Documents/dev_ws/install/learning_node:/home/robot/Documents/dev_ws/install/learning_launch:/home/robot/Documents/dev_ws/install/learning_action:/home/robot/Documents/dev_ws/install/learning_gazebo_harmonic:/home/robot/Documents/dev_ws/install/learning_gazebo:/home/robot/Documents/dev_ws/install/learning_cv:/opt/ros/humble CONDA_PROMPT_MODIFIER=(base) PS1=(.venv) (base) \[\e]0;\u@\h: \w\a\]${debian_chroot:+($debian_chroot)}\[\033[01;32m\]\u@\h\[\033[00m\]:\[\033[01;34m\]\w\[\033[00m\]\$ PYTHONPATH=/home/robot/Hiking_deploy/unitree_ros2/cyclonedds_ws/install/tf_transformations/lib/python3.10/site-packages:${PYTHONPATH} /usr/bin/cmake /home/robot/Hiking_deploy/unitree_ros2/cyclonedds_ws/src/ros2_numpy -DCMAKE_INSTALL_PREFIX=/home/robot/Hiking_deploy/unitree_ros2/cyclonedds_ws/install/ros2_numpy
[3.396s] DEBUG:colcon.colcon_core.event_handler.log_command:Invoking command in '/home/robot/Hiking_deploy/unitree_ros2/cyclonedds_ws/build/ros2_numpy': AMENT_PREFIX_PATH=/home/robot/Hiking_deploy/unitree_ros2/cyclonedds_ws/install/tf_transformations:${AMENT_PREFIX_PATH} CMAKE_PREFIX_PATH=${CMAKE_PREFIX_PATH}:/home/robot/Documents/dev_ws/install/learning_urdf:/home/robot/Documents/dev_ws/install/learning_topic:/home/robot/Documents/dev_ws/install/learning_tf:/home/robot/Documents/dev_ws/install/learning_service:/home/robot/Documents/dev_ws/install/learning_qos:/home/robot/Documents/dev_ws/install/learning_pkg_python:/home/robot/Documents/dev_ws/install/learning_parameter:/home/robot/Documents/dev_ws/install/learning_node:/home/robot/Documents/dev_ws/install/learning_launch:/home/robot/Documents/dev_ws/install/learning_action:/home/robot/Documents/dev_ws/install/learning_gazebo_harmonic:/home/robot/Documents/dev_ws/install/learning_gazebo:/home/robot/Documents/dev_ws/install/learning_cv:/opt/ros/humble CONDA_PROMPT_MODIFIER=(base) PS1=(.venv) (base) \[\e]0;\u@\h: \w\a\]${debian_chroot:+($debian_chroot)}\[\033[01;32m\]\u@\h\[\033[00m\]:\[\033[01;34m\]\w\[\033[00m\]\$ PYTHONPATH=/home/robot/Hiking_deploy/unitree_ros2/cyclonedds_ws/install/tf_transformations/lib/python3.10/site-packages:${PYTHONPATH} /usr/bin/cmake --build /home/robot/Hiking_deploy/unitree_ros2/cyclonedds_ws/build/ros2_numpy -- -j28 -l28
[4.262s] DEBUG:colcon.colcon_core.event_handler.log_command:Invoked command in '/home/robot/Hiking_deploy/unitree_ros2/cyclonedds_ws/build/ros2_numpy' returned '0': AMENT_PREFIX_PATH=/home/robot/Hiking_deploy/unitree_ros2/cyclonedds_ws/install/tf_transformations:${AMENT_PREFIX_PATH} CMAKE_PREFIX_PATH=${CMAKE_PREFIX_PATH}:/home/robot/Documents/dev_ws/install/learning_urdf:/home/robot/Documents/dev_ws/install/learning_topic:/home/robot/Documents/dev_ws/install/learning_tf:/home/robot/Documents/dev_ws/install/learning_service:/home/robot/Documents/dev_ws/install/learning_qos:/home/robot/Documents/dev_ws/install/learning_pkg_python:/home/robot/Documents/dev_ws/install/learning_parameter:/home/robot/Documents/dev_ws/install/learning_node:/home/robot/Documents/dev_ws/install/learning_launch:/home/robot/Documents/dev_ws/install/learning_action:/home/robot/Documents/dev_ws/install/learning_gazebo_harmonic:/home/robot/Documents/dev_ws/install/learning_gazebo:/home/robot/Documents/dev_ws/install/learning_cv:/opt/ros/humble CONDA_PROMPT_MODIFIER=(base) PS1=(.venv) (base) \[\e]0;\u@\h: \w\a\]${debian_chroot:+($debian_chroot)}\[\033[01;32m\]\u@\h\[\033[00m\]:\[\033[01;34m\]\w\[\033[00m\]\$ PYTHONPATH=/home/robot/Hiking_deploy/unitree_ros2/cyclonedds_ws/install/tf_transformations/lib/python3.10/site-packages:${PYTHONPATH} /usr/bin/cmake --build /home/robot/Hiking_deploy/unitree_ros2/cyclonedds_ws/build/ros2_numpy -- -j28 -l28
[4.264s] DEBUG:colcon.colcon_core.event_handler.log_command:Invoking command in '/home/robot/Hiking_deploy/unitree_ros2/cyclonedds_ws/build/ros2_numpy': AMENT_PREFIX_PATH=/home/robot/Hiking_deploy/unitree_ros2/cyclonedds_ws/install/tf_transformations:${AMENT_PREFIX_PATH} CMAKE_PREFIX_PATH=${CMAKE_PREFIX_PATH}:/home/robot/Documents/dev_ws/install/learning_urdf:/home/robot/Documents/dev_ws/install/learning_topic:/home/robot/Documents/dev_ws/install/learning_tf:/home/robot/Documents/dev_ws/install/learning_service:/home/robot/Documents/dev_ws/install/learning_qos:/home/robot/Documents/dev_ws/install/learning_pkg_python:/home/robot/Documents/dev_ws/install/learning_parameter:/home/robot/Documents/dev_ws/install/learning_node:/home/robot/Documents/dev_ws/install/learning_launch:/home/robot/Documents/dev_ws/install/learning_action:/home/robot/Documents/dev_ws/install/learning_gazebo_harmonic:/home/robot/Documents/dev_ws/install/learning_gazebo:/home/robot/Documents/dev_ws/install/learning_cv:/opt/ros/humble CONDA_PROMPT_MODIFIER=(base) PS1=(.venv) (base) \[\e]0;\u@\h: \w\a\]${debian_chroot:+($debian_chroot)}\[\033[01;32m\]\u@\h\[\033[00m\]:\[\033[01;34m\]\w\[\033[00m\]\$ PYTHONPATH=/home/robot/Hiking_deploy/unitree_ros2/cyclonedds_ws/install/tf_transformations/lib/python3.10/site-packages:${PYTHONPATH} /usr/bin/cmake --install /home/robot/Hiking_deploy/unitree_ros2/cyclonedds_ws/build/ros2_numpy
[4.368s] Level 1:colcon.colcon_core.environment:create_environment_scripts_only(ros2_numpy)
[4.369s] Level 1:colcon.colcon_core.environment:checking '/home/robot/Hiking_deploy/unitree_ros2/cyclonedds_ws/install/ros2_numpy' for CMake module files
[4.368s] DEBUG:colcon.colcon_core.event_handler.log_command:Invoked command in '/home/robot/Hiking_deploy/unitree_ros2/cyclonedds_ws/build/ros2_numpy' returned '0': AMENT_PREFIX_PATH=/home/robot/Hiking_deploy/unitree_ros2/cyclonedds_ws/install/tf_transformations:${AMENT_PREFIX_PATH} CMAKE_PREFIX_PATH=${CMAKE_PREFIX_PATH}:/home/robot/Documents/dev_ws/install/learning_urdf:/home/robot/Documents/dev_ws/install/learning_topic:/home/robot/Documents/dev_ws/install/learning_tf:/home/robot/Documents/dev_ws/install/learning_service:/home/robot/Documents/dev_ws/install/learning_qos:/home/robot/Documents/dev_ws/install/learning_pkg_python:/home/robot/Documents/dev_ws/install/learning_parameter:/home/robot/Documents/dev_ws/install/learning_node:/home/robot/Documents/dev_ws/install/learning_launch:/home/robot/Documents/dev_ws/install/learning_action:/home/robot/Documents/dev_ws/install/learning_gazebo_harmonic:/home/robot/Documents/dev_ws/install/learning_gazebo:/home/robot/Documents/dev_ws/install/learning_cv:/opt/ros/humble CONDA_PROMPT_MODIFIER=(base) PS1=(.venv) (base) \[\e]0;\u@\h: \w\a\]${debian_chroot:+($debian_chroot)}\[\033[01;32m\]\u@\h\[\033[00m\]:\[\033[01;34m\]\w\[\033[00m\]\$ PYTHONPATH=/home/robot/Hiking_deploy/unitree_ros2/cyclonedds_ws/install/tf_transformations/lib/python3.10/site-packages:${PYTHONPATH} /usr/bin/cmake --install /home/robot/Hiking_deploy/unitree_ros2/cyclonedds_ws/build/ros2_numpy
[4.372s] Level 1:colcon.colcon_core.environment:checking '/home/robot/Hiking_deploy/unitree_ros2/cyclonedds_ws/install/ros2_numpy' for CMake config files
[4.373s] Level 1:colcon.colcon_core.shell:create_environment_hook('ros2_numpy', 'cmake_prefix_path')
[4.373s] INFO:colcon.colcon_core.shell:Creating environment hook '/home/robot/Hiking_deploy/unitree_ros2/cyclonedds_ws/install/ros2_numpy/share/ros2_numpy/hook/cmake_prefix_path.ps1'
[4.373s] INFO:colcon.colcon_core.shell:Creating environment descriptor '/home/robot/Hiking_deploy/unitree_ros2/cyclonedds_ws/install/ros2_numpy/share/ros2_numpy/hook/cmake_prefix_path.dsv'
[4.374s] INFO:colcon.colcon_core.shell:Creating environment hook '/home/robot/Hiking_deploy/unitree_ros2/cyclonedds_ws/install/ros2_numpy/share/ros2_numpy/hook/cmake_prefix_path.sh'
[4.374s] Level 1:colcon.colcon_core.environment:checking '/home/robot/Hiking_deploy/unitree_ros2/cyclonedds_ws/install/ros2_numpy/lib'
[4.374s] Level 1:colcon.colcon_core.environment:checking '/home/robot/Hiking_deploy/unitree_ros2/cyclonedds_ws/install/ros2_numpy/bin'
[4.375s] Level 1:colcon.colcon_core.environment:checking '/home/robot/Hiking_deploy/unitree_ros2/cyclonedds_ws/install/ros2_numpy/lib/pkgconfig/ros2_numpy.pc'
[4.375s] Level 1:colcon.colcon_core.environment:checking '/home/robot/Hiking_deploy/unitree_ros2/cyclonedds_ws/install/ros2_numpy/lib/python3.10/site-packages'
[4.375s] Level 1:colcon.colcon_core.shell:create_environment_hook('ros2_numpy', 'pythonpath')
[4.375s] INFO:colcon.colcon_core.shell:Creating environment hook '/home/robot/Hiking_deploy/unitree_ros2/cyclonedds_ws/install/ros2_numpy/share/ros2_numpy/hook/pythonpath.ps1'
[4.376s] INFO:colcon.colcon_core.shell:Creating environment descriptor '/home/robot/Hiking_deploy/unitree_ros2/cyclonedds_ws/install/ros2_numpy/share/ros2_numpy/hook/pythonpath.dsv'
[4.376s] INFO:colcon.colcon_core.shell:Creating environment hook '/home/robot/Hiking_deploy/unitree_ros2/cyclonedds_ws/install/ros2_numpy/share/ros2_numpy/hook/pythonpath.sh'
[4.380s] Level 1:colcon.colcon_core.environment:checking '/home/robot/Hiking_deploy/unitree_ros2/cyclonedds_ws/install/ros2_numpy/bin'
[4.381s] INFO:colcon.colcon_core.shell:Creating package script '/home/robot/Hiking_deploy/unitree_ros2/cyclonedds_ws/install/ros2_numpy/share/ros2_numpy/package.ps1'
[4.382s] INFO:colcon.colcon_core.shell:Creating package descriptor '/home/robot/Hiking_deploy/unitree_ros2/cyclonedds_ws/install/ros2_numpy/share/ros2_numpy/package.dsv'
[4.385s] INFO:colcon.colcon_core.shell:Creating package script '/home/robot/Hiking_deploy/unitree_ros2/cyclonedds_ws/install/ros2_numpy/share/ros2_numpy/package.sh'
[4.386s] INFO:colcon.colcon_core.shell:Creating package script '/home/robot/Hiking_deploy/unitree_ros2/cyclonedds_ws/install/ros2_numpy/share/ros2_numpy/package.bash'
[4.386s] INFO:colcon.colcon_core.shell:Creating package script '/home/robot/Hiking_deploy/unitree_ros2/cyclonedds_ws/install/ros2_numpy/share/ros2_numpy/package.zsh'
[4.386s] Level 1:colcon.colcon_core.environment:create_file_with_runtime_dependencies(/home/robot/Hiking_deploy/unitree_ros2/cyclonedds_ws/install/ros2_numpy/share/colcon-core/packages/ros2_numpy)
[4.387s] Level 1:colcon.colcon_core.environment:create_environment_scripts_only(ros2_numpy)
[4.388s] Level 1:colcon.colcon_core.environment:checking '/home/robot/Hiking_deploy/unitree_ros2/cyclonedds_ws/install/ros2_numpy' for CMake module files
[4.391s] Level 1:colcon.colcon_core.environment:checking '/home/robot/Hiking_deploy/unitree_ros2/cyclonedds_ws/install/ros2_numpy' for CMake config files
[4.391s] Level 1:colcon.colcon_core.shell:create_environment_hook('ros2_numpy', 'cmake_prefix_path')
[4.392s] INFO:colcon.colcon_core.shell:Creating environment hook '/home/robot/Hiking_deploy/unitree_ros2/cyclonedds_ws/install/ros2_numpy/share/ros2_numpy/hook/cmake_prefix_path.ps1'
[4.392s] INFO:colcon.colcon_core.shell:Creating environment descriptor '/home/robot/Hiking_deploy/unitree_ros2/cyclonedds_ws/install/ros2_numpy/share/ros2_numpy/hook/cmake_prefix_path.dsv'
[4.393s] INFO:colcon.colcon_core.shell:Creating environment hook '/home/robot/Hiking_deploy/unitree_ros2/cyclonedds_ws/install/ros2_numpy/share/ros2_numpy/hook/cmake_prefix_path.sh'
[4.393s] Level 1:colcon.colcon_core.environment:checking '/home/robot/Hiking_deploy/unitree_ros2/cyclonedds_ws/install/ros2_numpy/lib'
[4.393s] Level 1:colcon.colcon_core.environment:checking '/home/robot/Hiking_deploy/unitree_ros2/cyclonedds_ws/install/ros2_numpy/bin'
[4.393s] Level 1:colcon.colcon_core.environment:checking '/home/robot/Hiking_deploy/unitree_ros2/cyclonedds_ws/install/ros2_numpy/lib/pkgconfig/ros2_numpy.pc'
[4.394s] Level 1:colcon.colcon_core.environment:checking '/home/robot/Hiking_deploy/unitree_ros2/cyclonedds_ws/install/ros2_numpy/lib/python3.10/site-packages'
[4.394s] Level 1:colcon.colcon_core.shell:create_environment_hook('ros2_numpy', 'pythonpath')
[4.397s] INFO:colcon.colcon_core.shell:Creating environment hook '/home/robot/Hiking_deploy/unitree_ros2/cyclonedds_ws/install/ros2_numpy/share/ros2_numpy/hook/pythonpath.ps1'
[4.398s] INFO:colcon.colcon_core.shell:Creating environment descriptor '/home/robot/Hiking_deploy/unitree_ros2/cyclonedds_ws/install/ros2_numpy/share/ros2_numpy/hook/pythonpath.dsv'
[4.398s] INFO:colcon.colcon_core.shell:Creating environment hook '/home/robot/Hiking_deploy/unitree_ros2/cyclonedds_ws/install/ros2_numpy/share/ros2_numpy/hook/pythonpath.sh'
[4.399s] Level 1:colcon.colcon_core.environment:checking '/home/robot/Hiking_deploy/unitree_ros2/cyclonedds_ws/install/ros2_numpy/bin'
[4.400s] INFO:colcon.colcon_core.shell:Creating package script '/home/robot/Hiking_deploy/unitree_ros2/cyclonedds_ws/install/ros2_numpy/share/ros2_numpy/package.ps1'
[4.404s] INFO:colcon.colcon_core.shell:Creating package descriptor '/home/robot/Hiking_deploy/unitree_ros2/cyclonedds_ws/install/ros2_numpy/share/ros2_numpy/package.dsv'
[4.405s] INFO:colcon.colcon_core.shell:Creating package script '/home/robot/Hiking_deploy/unitree_ros2/cyclonedds_ws/install/ros2_numpy/share/ros2_numpy/package.sh'
[4.405s] INFO:colcon.colcon_core.shell:Creating package script '/home/robot/Hiking_deploy/unitree_ros2/cyclonedds_ws/install/ros2_numpy/share/ros2_numpy/package.bash'
[4.406s] INFO:colcon.colcon_core.shell:Creating package script '/home/robot/Hiking_deploy/unitree_ros2/cyclonedds_ws/install/ros2_numpy/share/ros2_numpy/package.zsh'
[4.407s] Level 1:colcon.colcon_core.environment:create_file_with_runtime_dependencies(/home/robot/Hiking_deploy/unitree_ros2/cyclonedds_ws/install/ros2_numpy/share/colcon-core/packages/ros2_numpy)
[6.193s] DEBUG:colcon.colcon_core.event_handler.log_command:Invoked command in '/home/robot/Hiking_deploy/unitree_ros2/cyclonedds_ws/build/unitree_api' returned '0': CMAKE_PREFIX_PATH=${CMAKE_PREFIX_PATH}:/home/robot/Documents/dev_ws/install/learning_urdf:/home/robot/Documents/dev_ws/install/learning_topic:/home/robot/Documents/dev_ws/install/learning_tf:/home/robot/Documents/dev_ws/install/learning_service:/home/robot/Documents/dev_ws/install/learning_qos:/home/robot/Documents/dev_ws/install/learning_pkg_python:/home/robot/Documents/dev_ws/install/learning_parameter:/home/robot/Documents/dev_ws/install/learning_node:/home/robot/Documents/dev_ws/install/learning_launch:/home/robot/Documents/dev_ws/install/learning_action:/home/robot/Documents/dev_ws/install/learning_gazebo_harmonic:/home/robot/Documents/dev_ws/install/learning_gazebo:/home/robot/Documents/dev_ws/install/learning_cv:/opt/ros/humble CONDA_PROMPT_MODIFIER=(base) PS1=(.venv) (base) \[\e]0;\u@\h: \w\a\]${debian_chroot:+($debian_chroot)}\[\033[01;32m\]\u@\h\[\033[00m\]:\[\033[01;34m\]\w\[\033[00m\]\$ /usr/bin/cmake --build /home/robot/Hiking_deploy/unitree_ros2/cyclonedds_ws/build/unitree_api -- -j28 -l28
[6.194s] DEBUG:colcon.colcon_core.event_handler.log_command:Invoking command in '/home/robot/Hiking_deploy/unitree_ros2/cyclonedds_ws/build/unitree_api': CMAKE_PREFIX_PATH=${CMAKE_PREFIX_PATH}:/home/robot/Documents/dev_ws/install/learning_urdf:/home/robot/Documents/dev_ws/install/learning_topic:/home/robot/Documents/dev_ws/install/learning_tf:/home/robot/Documents/dev_ws/install/learning_service:/home/robot/Documents/dev_ws/install/learning_qos:/home/robot/Documents/dev_ws/install/learning_pkg_python:/home/robot/Documents/dev_ws/install/learning_parameter:/home/robot/Documents/dev_ws/install/learning_node:/home/robot/Documents/dev_ws/install/learning_launch:/home/robot/Documents/dev_ws/install/learning_action:/home/robot/Documents/dev_ws/install/learning_gazebo_harmonic:/home/robot/Documents/dev_ws/install/learning_gazebo:/home/robot/Documents/dev_ws/install/learning_cv:/opt/ros/humble CONDA_PROMPT_MODIFIER=(base) PS1=(.venv) (base) \[\e]0;\u@\h: \w\a\]${debian_chroot:+($debian_chroot)}\[\033[01;32m\]\u@\h\[\033[00m\]:\[\033[01;34m\]\w\[\033[00m\]\$ /usr/bin/cmake --install /home/robot/Hiking_deploy/unitree_ros2/cyclonedds_ws/build/unitree_api
[6.336s] Level 1:colcon.colcon_core.environment:create_environment_scripts_only(unitree_api)
[6.337s] Level 1:colcon.colcon_core.environment:checking '/home/robot/Hiking_deploy/unitree_ros2/cyclonedds_ws/install/unitree_api' for CMake module files
[6.337s] DEBUG:colcon.colcon_core.event_handler.log_command:Invoked command in '/home/robot/Hiking_deploy/unitree_ros2/cyclonedds_ws/build/unitree_api' returned '0': CMAKE_PREFIX_PATH=${CMAKE_PREFIX_PATH}:/home/robot/Documents/dev_ws/install/learning_urdf:/home/robot/Documents/dev_ws/install/learning_topic:/home/robot/Documents/dev_ws/install/learning_tf:/home/robot/Documents/dev_ws/install/learning_service:/home/robot/Documents/dev_ws/install/learning_qos:/home/robot/Documents/dev_ws/install/learning_pkg_python:/home/robot/Documents/dev_ws/install/learning_parameter:/home/robot/Documents/dev_ws/install/learning_node:/home/robot/Documents/dev_ws/install/learning_launch:/home/robot/Documents/dev_ws/install/learning_action:/home/robot/Documents/dev_ws/install/learning_gazebo_harmonic:/home/robot/Documents/dev_ws/install/learning_gazebo:/home/robot/Documents/dev_ws/install/learning_cv:/opt/ros/humble CONDA_PROMPT_MODIFIER=(base) PS1=(.venv) (base) \[\e]0;\u@\h: \w\a\]${debian_chroot:+($debian_chroot)}\[\033[01;32m\]\u@\h\[\033[00m\]:\[\033[01;34m\]\w\[\033[00m\]\$ /usr/bin/cmake --install /home/robot/Hiking_deploy/unitree_ros2/cyclonedds_ws/build/unitree_api
[6.338s] Level 1:colcon.colcon_core.environment:checking '/home/robot/Hiking_deploy/unitree_ros2/cyclonedds_ws/install/unitree_api' for CMake config files
[6.338s] Level 1:colcon.colcon_core.shell:create_environment_hook('unitree_api', 'cmake_prefix_path')
[6.339s] INFO:colcon.colcon_core.shell:Creating environment hook '/home/robot/Hiking_deploy/unitree_ros2/cyclonedds_ws/install/unitree_api/share/unitree_api/hook/cmake_prefix_path.ps1'
[6.339s] INFO:colcon.colcon_core.shell:Creating environment descriptor '/home/robot/Hiking_deploy/unitree_ros2/cyclonedds_ws/install/unitree_api/share/unitree_api/hook/cmake_prefix_path.dsv'
[6.340s] INFO:colcon.colcon_core.shell:Creating environment hook '/home/robot/Hiking_deploy/unitree_ros2/cyclonedds_ws/install/unitree_api/share/unitree_api/hook/cmake_prefix_path.sh'
[6.340s] Level 1:colcon.colcon_core.environment:checking '/home/robot/Hiking_deploy/unitree_ros2/cyclonedds_ws/install/unitree_api/lib'
[6.340s] Level 1:colcon.colcon_core.shell:create_environment_hook('unitree_api', 'ld_library_path_lib')
[6.341s] INFO:colcon.colcon_core.shell:Creating environment hook '/home/robot/Hiking_deploy/unitree_ros2/cyclonedds_ws/install/unitree_api/share/unitree_api/hook/ld_library_path_lib.ps1'
[6.341s] INFO:colcon.colcon_core.shell:Creating environment descriptor '/home/robot/Hiking_deploy/unitree_ros2/cyclonedds_ws/install/unitree_api/share/unitree_api/hook/ld_library_path_lib.dsv'
[6.344s] INFO:colcon.colcon_core.shell:Creating environment hook '/home/robot/Hiking_deploy/unitree_ros2/cyclonedds_ws/install/unitree_api/share/unitree_api/hook/ld_library_path_lib.sh'
[6.345s] Level 1:colcon.colcon_core.environment:checking '/home/robot/Hiking_deploy/unitree_ros2/cyclonedds_ws/install/unitree_api/bin'
[6.345s] Level 1:colcon.colcon_core.environment:checking '/home/robot/Hiking_deploy/unitree_ros2/cyclonedds_ws/install/unitree_api/lib/pkgconfig/unitree_api.pc'
[6.345s] Level 1:colcon.colcon_core.environment:checking '/home/robot/Hiking_deploy/unitree_ros2/cyclonedds_ws/install/unitree_api/lib/python3.10/site-packages'
[6.345s] Level 1:colcon.colcon_core.shell:create_environment_hook('unitree_api', 'pythonpath')
[6.346s] INFO:colcon.colcon_core.shell:Creating environment hook '/home/robot/Hiking_deploy/unitree_ros2/cyclonedds_ws/install/unitree_api/share/unitree_api/hook/pythonpath.ps1'
[6.346s] INFO:colcon.colcon_core.shell:Creating environment descriptor '/home/robot/Hiking_deploy/unitree_ros2/cyclonedds_ws/install/unitree_api/share/unitree_api/hook/pythonpath.dsv'
[6.353s] INFO:colcon.colcon_core.shell:Creating environment hook '/home/robot/Hiking_deploy/unitree_ros2/cyclonedds_ws/install/unitree_api/share/unitree_api/hook/pythonpath.sh'
[6.354s] Level 1:colcon.colcon_core.environment:checking '/home/robot/Hiking_deploy/unitree_ros2/cyclonedds_ws/install/unitree_api/bin'
[6.355s] INFO:colcon.colcon_core.shell:Creating package script '/home/robot/Hiking_deploy/unitree_ros2/cyclonedds_ws/install/unitree_api/share/unitree_api/package.ps1'
[6.356s] INFO:colcon.colcon_core.shell:Creating package descriptor '/home/robot/Hiking_deploy/unitree_ros2/cyclonedds_ws/install/unitree_api/share/unitree_api/package.dsv'
[6.357s] INFO:colcon.colcon_core.shell:Creating package script '/home/robot/Hiking_deploy/unitree_ros2/cyclonedds_ws/install/unitree_api/share/unitree_api/package.sh'
[6.358s] INFO:colcon.colcon_core.shell:Creating package script '/home/robot/Hiking_deploy/unitree_ros2/cyclonedds_ws/install/unitree_api/share/unitree_api/package.bash'
[6.358s] INFO:colcon.colcon_core.shell:Creating package script '/home/robot/Hiking_deploy/unitree_ros2/cyclonedds_ws/install/unitree_api/share/unitree_api/package.zsh'
[6.358s] Level 1:colcon.colcon_core.environment:create_file_with_runtime_dependencies(/home/robot/Hiking_deploy/unitree_ros2/cyclonedds_ws/install/unitree_api/share/colcon-core/packages/unitree_api)
[6.362s] Level 1:colcon.colcon_core.environment:create_environment_scripts_only(unitree_api)
[6.362s] Level 1:colcon.colcon_core.environment:checking '/home/robot/Hiking_deploy/unitree_ros2/cyclonedds_ws/install/unitree_api' for CMake module files
[6.363s] Level 1:colcon.colcon_core.environment:checking '/home/robot/Hiking_deploy/unitree_ros2/cyclonedds_ws/install/unitree_api' for CMake config files
[6.367s] Level 1:colcon.colcon_core.shell:create_environment_hook('unitree_api', 'cmake_prefix_path')
[6.368s] INFO:colcon.colcon_core.shell:Creating environment hook '/home/robot/Hiking_deploy/unitree_ros2/cyclonedds_ws/install/unitree_api/share/unitree_api/hook/cmake_prefix_path.ps1'
[6.368s] INFO:colcon.colcon_core.shell:Creating environment descriptor '/home/robot/Hiking_deploy/unitree_ros2/cyclonedds_ws/install/unitree_api/share/unitree_api/hook/cmake_prefix_path.dsv'
[6.369s] INFO:colcon.colcon_core.shell:Creating environment hook '/home/robot/Hiking_deploy/unitree_ros2/cyclonedds_ws/install/unitree_api/share/unitree_api/hook/cmake_prefix_path.sh'
[6.369s] Level 1:colcon.colcon_core.environment:checking '/home/robot/Hiking_deploy/unitree_ros2/cyclonedds_ws/install/unitree_api/lib'
[6.369s] Level 1:colcon.colcon_core.shell:create_environment_hook('unitree_api', 'ld_library_path_lib')
[6.370s] INFO:colcon.colcon_core.shell:Creating environment hook '/home/robot/Hiking_deploy/unitree_ros2/cyclonedds_ws/install/unitree_api/share/unitree_api/hook/ld_library_path_lib.ps1'
[6.370s] INFO:colcon.colcon_core.shell:Creating environment descriptor '/home/robot/Hiking_deploy/unitree_ros2/cyclonedds_ws/install/unitree_api/share/unitree_api/hook/ld_library_path_lib.dsv'
[6.371s] INFO:colcon.colcon_core.shell:Creating environment hook '/home/robot/Hiking_deploy/unitree_ros2/cyclonedds_ws/install/unitree_api/share/unitree_api/hook/ld_library_path_lib.sh'
[6.374s] Level 1:colcon.colcon_core.environment:checking '/home/robot/Hiking_deploy/unitree_ros2/cyclonedds_ws/install/unitree_api/bin'
[6.374s] Level 1:colcon.colcon_core.environment:checking '/home/robot/Hiking_deploy/unitree_ros2/cyclonedds_ws/install/unitree_api/lib/pkgconfig/unitree_api.pc'
[6.375s] Level 1:colcon.colcon_core.environment:checking '/home/robot/Hiking_deploy/unitree_ros2/cyclonedds_ws/install/unitree_api/lib/python3.10/site-packages'
[6.375s] Level 1:colcon.colcon_core.shell:create_environment_hook('unitree_api', 'pythonpath')
[6.375s] INFO:colcon.colcon_core.shell:Creating environment hook '/home/robot/Hiking_deploy/unitree_ros2/cyclonedds_ws/install/unitree_api/share/unitree_api/hook/pythonpath.ps1'
[6.376s] INFO:colcon.colcon_core.shell:Creating environment descriptor '/home/robot/Hiking_deploy/unitree_ros2/cyclonedds_ws/install/unitree_api/share/unitree_api/hook/pythonpath.dsv'
[6.376s] INFO:colcon.colcon_core.shell:Creating environment hook '/home/robot/Hiking_deploy/unitree_ros2/cyclonedds_ws/install/unitree_api/share/unitree_api/hook/pythonpath.sh'
[6.377s] Level 1:colcon.colcon_core.environment:checking '/home/robot/Hiking_deploy/unitree_ros2/cyclonedds_ws/install/unitree_api/bin'
[6.378s] INFO:colcon.colcon_core.shell:Creating package script '/home/robot/Hiking_deploy/unitree_ros2/cyclonedds_ws/install/unitree_api/share/unitree_api/package.ps1'
[6.380s] INFO:colcon.colcon_core.shell:Creating package descriptor '/home/robot/Hiking_deploy/unitree_ros2/cyclonedds_ws/install/unitree_api/share/unitree_api/package.dsv'
[6.381s] INFO:colcon.colcon_core.shell:Creating package script '/home/robot/Hiking_deploy/unitree_ros2/cyclonedds_ws/install/unitree_api/share/unitree_api/package.sh'
[6.381s] INFO:colcon.colcon_core.shell:Creating package script '/home/robot/Hiking_deploy/unitree_ros2/cyclonedds_ws/install/unitree_api/share/unitree_api/package.bash'
[6.382s] INFO:colcon.colcon_core.shell:Creating package script '/home/robot/Hiking_deploy/unitree_ros2/cyclonedds_ws/install/unitree_api/share/unitree_api/package.zsh'
[6.382s] Level 1:colcon.colcon_core.environment:create_file_with_runtime_dependencies(/home/robot/Hiking_deploy/unitree_ros2/cyclonedds_ws/install/unitree_api/share/colcon-core/packages/unitree_api)
[7.710s] DEBUG:colcon.colcon_core.event_handler.log_command:Invoked command in '/home/robot/Hiking_deploy/unitree_ros2/cyclonedds_ws/build/unitree_hg' returned '0': CMAKE_PREFIX_PATH=${CMAKE_PREFIX_PATH}:/home/robot/Documents/dev_ws/install/learning_urdf:/home/robot/Documents/dev_ws/install/learning_topic:/home/robot/Documents/dev_ws/install/learning_tf:/home/robot/Documents/dev_ws/install/learning_service:/home/robot/Documents/dev_ws/install/learning_qos:/home/robot/Documents/dev_ws/install/learning_pkg_python:/home/robot/Documents/dev_ws/install/learning_parameter:/home/robot/Documents/dev_ws/install/learning_node:/home/robot/Documents/dev_ws/install/learning_launch:/home/robot/Documents/dev_ws/install/learning_action:/home/robot/Documents/dev_ws/install/learning_gazebo_harmonic:/home/robot/Documents/dev_ws/install/learning_gazebo:/home/robot/Documents/dev_ws/install/learning_cv:/opt/ros/humble CONDA_PROMPT_MODIFIER=(base) PS1=(.venv) (base) \[\e]0;\u@\h: \w\a\]${debian_chroot:+($debian_chroot)}\[\033[01;32m\]\u@\h\[\033[00m\]:\[\033[01;34m\]\w\[\033[00m\]\$ /usr/bin/cmake --build /home/robot/Hiking_deploy/unitree_ros2/cyclonedds_ws/build/unitree_hg -- -j28 -l28
[7.711s] DEBUG:colcon.colcon_core.event_handler.log_command:Invoking command in '/home/robot/Hiking_deploy/unitree_ros2/cyclonedds_ws/build/unitree_hg': CMAKE_PREFIX_PATH=${CMAKE_PREFIX_PATH}:/home/robot/Documents/dev_ws/install/learning_urdf:/home/robot/Documents/dev_ws/install/learning_topic:/home/robot/Documents/dev_ws/install/learning_tf:/home/robot/Documents/dev_ws/install/learning_service:/home/robot/Documents/dev_ws/install/learning_qos:/home/robot/Documents/dev_ws/install/learning_pkg_python:/home/robot/Documents/dev_ws/install/learning_parameter:/home/robot/Documents/dev_ws/install/learning_node:/home/robot/Documents/dev_ws/install/learning_launch:/home/robot/Documents/dev_ws/install/learning_action:/home/robot/Documents/dev_ws/install/learning_gazebo_harmonic:/home/robot/Documents/dev_ws/install/learning_gazebo:/home/robot/Documents/dev_ws/install/learning_cv:/opt/ros/humble CONDA_PROMPT_MODIFIER=(base) PS1=(.venv) (base) \[\e]0;\u@\h: \w\a\]${debian_chroot:+($debian_chroot)}\[\033[01;32m\]\u@\h\[\033[00m\]:\[\033[01;34m\]\w\[\033[00m\]\$ /usr/bin/cmake --install /home/robot/Hiking_deploy/unitree_ros2/cyclonedds_ws/build/unitree_hg
[7.770s] Level 1:colcon.colcon_core.environment:create_environment_scripts_only(unitree_hg)
[7.771s] DEBUG:colcon.colcon_core.event_handler.log_command:Invoked command in '/home/robot/Hiking_deploy/unitree_ros2/cyclonedds_ws/build/unitree_hg' returned '0': CMAKE_PREFIX_PATH=${CMAKE_PREFIX_PATH}:/home/robot/Documents/dev_ws/install/learning_urdf:/home/robot/Documents/dev_ws/install/learning_topic:/home/robot/Documents/dev_ws/install/learning_tf:/home/robot/Documents/dev_ws/install/learning_service:/home/robot/Documents/dev_ws/install/learning_qos:/home/robot/Documents/dev_ws/install/learning_pkg_python:/home/robot/Documents/dev_ws/install/learning_parameter:/home/robot/Documents/dev_ws/install/learning_node:/home/robot/Documents/dev_ws/install/learning_launch:/home/robot/Documents/dev_ws/install/learning_action:/home/robot/Documents/dev_ws/install/learning_gazebo_harmonic:/home/robot/Documents/dev_ws/install/learning_gazebo:/home/robot/Documents/dev_ws/install/learning_cv:/opt/ros/humble CONDA_PROMPT_MODIFIER=(base) PS1=(.venv) (base) \[\e]0;\u@\h: \w\a\]${debian_chroot:+($debian_chroot)}\[\033[01;32m\]\u@\h\[\033[00m\]:\[\033[01;34m\]\w\[\033[00m\]\$ /usr/bin/cmake --install /home/robot/Hiking_deploy/unitree_ros2/cyclonedds_ws/build/unitree_hg
[7.771s] Level 1:colcon.colcon_core.environment:checking '/home/robot/Hiking_deploy/unitree_ros2/cyclonedds_ws/install/unitree_hg' for CMake module files
[7.771s] Level 1:colcon.colcon_core.environment:checking '/home/robot/Hiking_deploy/unitree_ros2/cyclonedds_ws/install/unitree_hg' for CMake config files
[7.771s] Level 1:colcon.colcon_core.shell:create_environment_hook('unitree_hg', 'cmake_prefix_path')
[7.771s] INFO:colcon.colcon_core.shell:Creating environment hook '/home/robot/Hiking_deploy/unitree_ros2/cyclonedds_ws/install/unitree_hg/share/unitree_hg/hook/cmake_prefix_path.ps1'
[7.772s] INFO:colcon.colcon_core.shell:Creating environment descriptor '/home/robot/Hiking_deploy/unitree_ros2/cyclonedds_ws/install/unitree_hg/share/unitree_hg/hook/cmake_prefix_path.dsv'
[7.772s] INFO:colcon.colcon_core.shell:Creating environment hook '/home/robot/Hiking_deploy/unitree_ros2/cyclonedds_ws/install/unitree_hg/share/unitree_hg/hook/cmake_prefix_path.sh'
[7.772s] Level 1:colcon.colcon_core.environment:checking '/home/robot/Hiking_deploy/unitree_ros2/cyclonedds_ws/install/unitree_hg/lib'
[7.772s] Level 1:colcon.colcon_core.shell:create_environment_hook('unitree_hg', 'ld_library_path_lib')
[7.772s] INFO:colcon.colcon_core.shell:Creating environment hook '/home/robot/Hiking_deploy/unitree_ros2/cyclonedds_ws/install/unitree_hg/share/unitree_hg/hook/ld_library_path_lib.ps1'
[7.772s] INFO:colcon.colcon_core.shell:Creating environment descriptor '/home/robot/Hiking_deploy/unitree_ros2/cyclonedds_ws/install/unitree_hg/share/unitree_hg/hook/ld_library_path_lib.dsv'
[7.772s] INFO:colcon.colcon_core.shell:Creating environment hook '/home/robot/Hiking_deploy/unitree_ros2/cyclonedds_ws/install/unitree_hg/share/unitree_hg/hook/ld_library_path_lib.sh'
[7.773s] Level 1:colcon.colcon_core.environment:checking '/home/robot/Hiking_deploy/unitree_ros2/cyclonedds_ws/install/unitree_hg/bin'
[7.773s] Level 1:colcon.colcon_core.environment:checking '/home/robot/Hiking_deploy/unitree_ros2/cyclonedds_ws/install/unitree_hg/lib/pkgconfig/unitree_hg.pc'
[7.773s] Level 1:colcon.colcon_core.environment:checking '/home/robot/Hiking_deploy/unitree_ros2/cyclonedds_ws/install/unitree_hg/lib/python3.10/site-packages'
[7.773s] Level 1:colcon.colcon_core.shell:create_environment_hook('unitree_hg', 'pythonpath')
[7.773s] INFO:colcon.colcon_core.shell:Creating environment hook '/home/robot/Hiking_deploy/unitree_ros2/cyclonedds_ws/install/unitree_hg/share/unitree_hg/hook/pythonpath.ps1'
[7.773s] INFO:colcon.colcon_core.shell:Creating environment descriptor '/home/robot/Hiking_deploy/unitree_ros2/cyclonedds_ws/install/unitree_hg/share/unitree_hg/hook/pythonpath.dsv'
[7.773s] INFO:colcon.colcon_core.shell:Creating environment hook '/home/robot/Hiking_deploy/unitree_ros2/cyclonedds_ws/install/unitree_hg/share/unitree_hg/hook/pythonpath.sh'
[7.773s] Level 1:colcon.colcon_core.environment:checking '/home/robot/Hiking_deploy/unitree_ros2/cyclonedds_ws/install/unitree_hg/bin'
[7.774s] INFO:colcon.colcon_core.shell:Creating package script '/home/robot/Hiking_deploy/unitree_ros2/cyclonedds_ws/install/unitree_hg/share/unitree_hg/package.ps1'
[7.774s] INFO:colcon.colcon_core.shell:Creating package descriptor '/home/robot/Hiking_deploy/unitree_ros2/cyclonedds_ws/install/unitree_hg/share/unitree_hg/package.dsv'
[7.774s] INFO:colcon.colcon_core.shell:Creating package script '/home/robot/Hiking_deploy/unitree_ros2/cyclonedds_ws/install/unitree_hg/share/unitree_hg/package.sh'
[7.774s] INFO:colcon.colcon_core.shell:Creating package script '/home/robot/Hiking_deploy/unitree_ros2/cyclonedds_ws/install/unitree_hg/share/unitree_hg/package.bash'
[7.774s] INFO:colcon.colcon_core.shell:Creating package script '/home/robot/Hiking_deploy/unitree_ros2/cyclonedds_ws/install/unitree_hg/share/unitree_hg/package.zsh'
[7.775s] Level 1:colcon.colcon_core.environment:create_file_with_runtime_dependencies(/home/robot/Hiking_deploy/unitree_ros2/cyclonedds_ws/install/unitree_hg/share/colcon-core/packages/unitree_hg)
[7.775s] Level 1:colcon.colcon_core.environment:create_environment_scripts_only(unitree_hg)
[7.775s] Level 1:colcon.colcon_core.environment:checking '/home/robot/Hiking_deploy/unitree_ros2/cyclonedds_ws/install/unitree_hg' for CMake module files
[7.775s] Level 1:colcon.colcon_core.environment:checking '/home/robot/Hiking_deploy/unitree_ros2/cyclonedds_ws/install/unitree_hg' for CMake config files
[7.775s] Level 1:colcon.colcon_core.shell:create_environment_hook('unitree_hg', 'cmake_prefix_path')
[7.776s] INFO:colcon.colcon_core.shell:Creating environment hook '/home/robot/Hiking_deploy/unitree_ros2/cyclonedds_ws/install/unitree_hg/share/unitree_hg/hook/cmake_prefix_path.ps1'
[7.776s] INFO:colcon.colcon_core.shell:Creating environment descriptor '/home/robot/Hiking_deploy/unitree_ros2/cyclonedds_ws/install/unitree_hg/share/unitree_hg/hook/cmake_prefix_path.dsv'
[7.776s] INFO:colcon.colcon_core.shell:Creating environment hook '/home/robot/Hiking_deploy/unitree_ros2/cyclonedds_ws/install/unitree_hg/share/unitree_hg/hook/cmake_prefix_path.sh'
[7.776s] Level 1:colcon.colcon_core.environment:checking '/home/robot/Hiking_deploy/unitree_ros2/cyclonedds_ws/install/unitree_hg/lib'
[7.776s] Level 1:colcon.colcon_core.shell:create_environment_hook('unitree_hg', 'ld_library_path_lib')
[7.776s] INFO:colcon.colcon_core.shell:Creating environment hook '/home/robot/Hiking_deploy/unitree_ros2/cyclonedds_ws/install/unitree_hg/share/unitree_hg/hook/ld_library_path_lib.ps1'
[7.776s] INFO:colcon.colcon_core.shell:Creating environment descriptor '/home/robot/Hiking_deploy/unitree_ros2/cyclonedds_ws/install/unitree_hg/share/unitree_hg/hook/ld_library_path_lib.dsv'
[7.777s] INFO:colcon.colcon_core.shell:Creating environment hook '/home/robot/Hiking_deploy/unitree_ros2/cyclonedds_ws/install/unitree_hg/share/unitree_hg/hook/ld_library_path_lib.sh'
[7.777s] Level 1:colcon.colcon_core.environment:checking '/home/robot/Hiking_deploy/unitree_ros2/cyclonedds_ws/install/unitree_hg/bin'
[7.777s] Level 1:colcon.colcon_core.environment:checking '/home/robot/Hiking_deploy/unitree_ros2/cyclonedds_ws/install/unitree_hg/lib/pkgconfig/unitree_hg.pc'
[7.777s] Level 1:colcon.colcon_core.environment:checking '/home/robot/Hiking_deploy/unitree_ros2/cyclonedds_ws/install/unitree_hg/lib/python3.10/site-packages'
[7.777s] Level 1:colcon.colcon_core.shell:create_environment_hook('unitree_hg', 'pythonpath')
[7.777s] INFO:colcon.colcon_core.shell:Creating environment hook '/home/robot/Hiking_deploy/unitree_ros2/cyclonedds_ws/install/unitree_hg/share/unitree_hg/hook/pythonpath.ps1'
[7.777s] INFO:colcon.colcon_core.shell:Creating environment descriptor '/home/robot/Hiking_deploy/unitree_ros2/cyclonedds_ws/install/unitree_hg/share/unitree_hg/hook/pythonpath.dsv'
[7.777s] INFO:colcon.colcon_core.shell:Creating environment hook '/home/robot/Hiking_deploy/unitree_ros2/cyclonedds_ws/install/unitree_hg/share/unitree_hg/hook/pythonpath.sh'
[7.777s] Level 1:colcon.colcon_core.environment:checking '/home/robot/Hiking_deploy/unitree_ros2/cyclonedds_ws/install/unitree_hg/bin'
[7.778s] INFO:colcon.colcon_core.shell:Creating package script '/home/robot/Hiking_deploy/unitree_ros2/cyclonedds_ws/install/unitree_hg/share/unitree_hg/package.ps1'
[7.778s] INFO:colcon.colcon_core.shell:Creating package descriptor '/home/robot/Hiking_deploy/unitree_ros2/cyclonedds_ws/install/unitree_hg/share/unitree_hg/package.dsv'
[7.778s] INFO:colcon.colcon_core.shell:Creating package script '/home/robot/Hiking_deploy/unitree_ros2/cyclonedds_ws/install/unitree_hg/share/unitree_hg/package.sh'
[7.778s] INFO:colcon.colcon_core.shell:Creating package script '/home/robot/Hiking_deploy/unitree_ros2/cyclonedds_ws/install/unitree_hg/share/unitree_hg/package.bash'
[7.779s] INFO:colcon.colcon_core.shell:Creating package script '/home/robot/Hiking_deploy/unitree_ros2/cyclonedds_ws/install/unitree_hg/share/unitree_hg/package.zsh'
[7.779s] Level 1:colcon.colcon_core.environment:create_file_with_runtime_dependencies(/home/robot/Hiking_deploy/unitree_ros2/cyclonedds_ws/install/unitree_hg/share/colcon-core/packages/unitree_hg)
[9.283s] DEBUG:colcon.colcon_core.event_handler.log_command:Invoked command in '/home/robot/Hiking_deploy/unitree_ros2/cyclonedds_ws/build/unitree_go' returned '0': CMAKE_PREFIX_PATH=${CMAKE_PREFIX_PATH}:/home/robot/Documents/dev_ws/install/learning_urdf:/home/robot/Documents/dev_ws/install/learning_topic:/home/robot/Documents/dev_ws/install/learning_tf:/home/robot/Documents/dev_ws/install/learning_service:/home/robot/Documents/dev_ws/install/learning_qos:/home/robot/Documents/dev_ws/install/learning_pkg_python:/home/robot/Documents/dev_ws/install/learning_parameter:/home/robot/Documents/dev_ws/install/learning_node:/home/robot/Documents/dev_ws/install/learning_launch:/home/robot/Documents/dev_ws/install/learning_action:/home/robot/Documents/dev_ws/install/learning_gazebo_harmonic:/home/robot/Documents/dev_ws/install/learning_gazebo:/home/robot/Documents/dev_ws/install/learning_cv:/opt/ros/humble CONDA_PROMPT_MODIFIER=(base) PS1=(.venv) (base) \[\e]0;\u@\h: \w\a\]${debian_chroot:+($debian_chroot)}\[\033[01;32m\]\u@\h\[\033[00m\]:\[\033[01;34m\]\w\[\033[00m\]\$ /usr/bin/cmake --build /home/robot/Hiking_deploy/unitree_ros2/cyclonedds_ws/build/unitree_go -- -j28 -l28
[9.285s] DEBUG:colcon.colcon_core.event_handler.log_command:Invoking command in '/home/robot/Hiking_deploy/unitree_ros2/cyclonedds_ws/build/unitree_go': CMAKE_PREFIX_PATH=${CMAKE_PREFIX_PATH}:/home/robot/Documents/dev_ws/install/learning_urdf:/home/robot/Documents/dev_ws/install/learning_topic:/home/robot/Documents/dev_ws/install/learning_tf:/home/robot/Documents/dev_ws/install/learning_service:/home/robot/Documents/dev_ws/install/learning_qos:/home/robot/Documents/dev_ws/install/learning_pkg_python:/home/robot/Documents/dev_ws/install/learning_parameter:/home/robot/Documents/dev_ws/install/learning_node:/home/robot/Documents/dev_ws/install/learning_launch:/home/robot/Documents/dev_ws/install/learning_action:/home/robot/Documents/dev_ws/install/learning_gazebo_harmonic:/home/robot/Documents/dev_ws/install/learning_gazebo:/home/robot/Documents/dev_ws/install/learning_cv:/opt/ros/humble CONDA_PROMPT_MODIFIER=(base) PS1=(.venv) (base) \[\e]0;\u@\h: \w\a\]${debian_chroot:+($debian_chroot)}\[\033[01;32m\]\u@\h\[\033[00m\]:\[\033[01;34m\]\w\[\033[00m\]\$ /usr/bin/cmake --install /home/robot/Hiking_deploy/unitree_ros2/cyclonedds_ws/build/unitree_go
[9.362s] Level 1:colcon.colcon_core.environment:create_environment_scripts_only(unitree_go)
[9.363s] Level 1:colcon.colcon_core.environment:checking '/home/robot/Hiking_deploy/unitree_ros2/cyclonedds_ws/install/unitree_go' for CMake module files
[9.363s] DEBUG:colcon.colcon_core.event_handler.log_command:Invoked command in '/home/robot/Hiking_deploy/unitree_ros2/cyclonedds_ws/build/unitree_go' returned '0': CMAKE_PREFIX_PATH=${CMAKE_PREFIX_PATH}:/home/robot/Documents/dev_ws/install/learning_urdf:/home/robot/Documents/dev_ws/install/learning_topic:/home/robot/Documents/dev_ws/install/learning_tf:/home/robot/Documents/dev_ws/install/learning_service:/home/robot/Documents/dev_ws/install/learning_qos:/home/robot/Documents/dev_ws/install/learning_pkg_python:/home/robot/Documents/dev_ws/install/learning_parameter:/home/robot/Documents/dev_ws/install/learning_node:/home/robot/Documents/dev_ws/install/learning_launch:/home/robot/Documents/dev_ws/install/learning_action:/home/robot/Documents/dev_ws/install/learning_gazebo_harmonic:/home/robot/Documents/dev_ws/install/learning_gazebo:/home/robot/Documents/dev_ws/install/learning_cv:/opt/ros/humble CONDA_PROMPT_MODIFIER=(base) PS1=(.venv) (base) \[\e]0;\u@\h: \w\a\]${debian_chroot:+($debian_chroot)}\[\033[01;32m\]\u@\h\[\033[00m\]:\[\033[01;34m\]\w\[\033[00m\]\$ /usr/bin/cmake --install /home/robot/Hiking_deploy/unitree_ros2/cyclonedds_ws/build/unitree_go
[9.364s] Level 1:colcon.colcon_core.environment:checking '/home/robot/Hiking_deploy/unitree_ros2/cyclonedds_ws/install/unitree_go' for CMake config files
[9.364s] Level 1:colcon.colcon_core.shell:create_environment_hook('unitree_go', 'cmake_prefix_path')
[9.364s] INFO:colcon.colcon_core.shell:Creating environment hook '/home/robot/Hiking_deploy/unitree_ros2/cyclonedds_ws/install/unitree_go/share/unitree_go/hook/cmake_prefix_path.ps1'
[9.364s] INFO:colcon.colcon_core.shell:Creating environment descriptor '/home/robot/Hiking_deploy/unitree_ros2/cyclonedds_ws/install/unitree_go/share/unitree_go/hook/cmake_prefix_path.dsv'
[9.365s] INFO:colcon.colcon_core.shell:Creating environment hook '/home/robot/Hiking_deploy/unitree_ros2/cyclonedds_ws/install/unitree_go/share/unitree_go/hook/cmake_prefix_path.sh'
[9.365s] Level 1:colcon.colcon_core.environment:checking '/home/robot/Hiking_deploy/unitree_ros2/cyclonedds_ws/install/unitree_go/lib'
[9.365s] Level 1:colcon.colcon_core.shell:create_environment_hook('unitree_go', 'ld_library_path_lib')
[9.365s] INFO:colcon.colcon_core.shell:Creating environment hook '/home/robot/Hiking_deploy/unitree_ros2/cyclonedds_ws/install/unitree_go/share/unitree_go/hook/ld_library_path_lib.ps1'
[9.365s] INFO:colcon.colcon_core.shell:Creating environment descriptor '/home/robot/Hiking_deploy/unitree_ros2/cyclonedds_ws/install/unitree_go/share/unitree_go/hook/ld_library_path_lib.dsv'
[9.366s] INFO:colcon.colcon_core.shell:Creating environment hook '/home/robot/Hiking_deploy/unitree_ros2/cyclonedds_ws/install/unitree_go/share/unitree_go/hook/ld_library_path_lib.sh'
[9.366s] Level 1:colcon.colcon_core.environment:checking '/home/robot/Hiking_deploy/unitree_ros2/cyclonedds_ws/install/unitree_go/bin'
[9.366s] Level 1:colcon.colcon_core.environment:checking '/home/robot/Hiking_deploy/unitree_ros2/cyclonedds_ws/install/unitree_go/lib/pkgconfig/unitree_go.pc'
[9.366s] Level 1:colcon.colcon_core.environment:checking '/home/robot/Hiking_deploy/unitree_ros2/cyclonedds_ws/install/unitree_go/lib/python3.10/site-packages'
[9.366s] Level 1:colcon.colcon_core.shell:create_environment_hook('unitree_go', 'pythonpath')
[9.366s] INFO:colcon.colcon_core.shell:Creating environment hook '/home/robot/Hiking_deploy/unitree_ros2/cyclonedds_ws/install/unitree_go/share/unitree_go/hook/pythonpath.ps1'
[9.367s] INFO:colcon.colcon_core.shell:Creating environment descriptor '/home/robot/Hiking_deploy/unitree_ros2/cyclonedds_ws/install/unitree_go/share/unitree_go/hook/pythonpath.dsv'
[9.367s] INFO:colcon.colcon_core.shell:Creating environment hook '/home/robot/Hiking_deploy/unitree_ros2/cyclonedds_ws/install/unitree_go/share/unitree_go/hook/pythonpath.sh'
[9.367s] Level 1:colcon.colcon_core.environment:checking '/home/robot/Hiking_deploy/unitree_ros2/cyclonedds_ws/install/unitree_go/bin'
[9.368s] INFO:colcon.colcon_core.shell:Creating package script '/home/robot/Hiking_deploy/unitree_ros2/cyclonedds_ws/install/unitree_go/share/unitree_go/package.ps1'
[9.368s] INFO:colcon.colcon_core.shell:Creating package descriptor '/home/robot/Hiking_deploy/unitree_ros2/cyclonedds_ws/install/unitree_go/share/unitree_go/package.dsv'
[9.368s] INFO:colcon.colcon_core.shell:Creating package script '/home/robot/Hiking_deploy/unitree_ros2/cyclonedds_ws/install/unitree_go/share/unitree_go/package.sh'
[9.369s] INFO:colcon.colcon_core.shell:Creating package script '/home/robot/Hiking_deploy/unitree_ros2/cyclonedds_ws/install/unitree_go/share/unitree_go/package.bash'
[9.369s] INFO:colcon.colcon_core.shell:Creating package script '/home/robot/Hiking_deploy/unitree_ros2/cyclonedds_ws/install/unitree_go/share/unitree_go/package.zsh'
[9.369s] Level 1:colcon.colcon_core.environment:create_file_with_runtime_dependencies(/home/robot/Hiking_deploy/unitree_ros2/cyclonedds_ws/install/unitree_go/share/colcon-core/packages/unitree_go)
[9.370s] Level 1:colcon.colcon_core.environment:create_environment_scripts_only(unitree_go)
[9.370s] Level 1:colcon.colcon_core.environment:checking '/home/robot/Hiking_deploy/unitree_ros2/cyclonedds_ws/install/unitree_go' for CMake module files
[9.370s] Level 1:colcon.colcon_core.environment:checking '/home/robot/Hiking_deploy/unitree_ros2/cyclonedds_ws/install/unitree_go' for CMake config files
[9.370s] Level 1:colcon.colcon_core.shell:create_environment_hook('unitree_go', 'cmake_prefix_path')
[9.371s] INFO:colcon.colcon_core.shell:Creating environment hook '/home/robot/Hiking_deploy/unitree_ros2/cyclonedds_ws/install/unitree_go/share/unitree_go/hook/cmake_prefix_path.ps1'
[9.371s] INFO:colcon.colcon_core.shell:Creating environment descriptor '/home/robot/Hiking_deploy/unitree_ros2/cyclonedds_ws/install/unitree_go/share/unitree_go/hook/cmake_prefix_path.dsv'
[9.371s] INFO:colcon.colcon_core.shell:Creating environment hook '/home/robot/Hiking_deploy/unitree_ros2/cyclonedds_ws/install/unitree_go/share/unitree_go/hook/cmake_prefix_path.sh'
[9.371s] Level 1:colcon.colcon_core.environment:checking '/home/robot/Hiking_deploy/unitree_ros2/cyclonedds_ws/install/unitree_go/lib'
[9.371s] Level 1:colcon.colcon_core.shell:create_environment_hook('unitree_go', 'ld_library_path_lib')
[9.372s] INFO:colcon.colcon_core.shell:Creating environment hook '/home/robot/Hiking_deploy/unitree_ros2/cyclonedds_ws/install/unitree_go/share/unitree_go/hook/ld_library_path_lib.ps1'
[9.372s] INFO:colcon.colcon_core.shell:Creating environment descriptor '/home/robot/Hiking_deploy/unitree_ros2/cyclonedds_ws/install/unitree_go/share/unitree_go/hook/ld_library_path_lib.dsv'
[9.372s] INFO:colcon.colcon_core.shell:Creating environment hook '/home/robot/Hiking_deploy/unitree_ros2/cyclonedds_ws/install/unitree_go/share/unitree_go/hook/ld_library_path_lib.sh'
[9.372s] Level 1:colcon.colcon_core.environment:checking '/home/robot/Hiking_deploy/unitree_ros2/cyclonedds_ws/install/unitree_go/bin'
[9.372s] Level 1:colcon.colcon_core.environment:checking '/home/robot/Hiking_deploy/unitree_ros2/cyclonedds_ws/install/unitree_go/lib/pkgconfig/unitree_go.pc'
[9.373s] Level 1:colcon.colcon_core.environment:checking '/home/robot/Hiking_deploy/unitree_ros2/cyclonedds_ws/install/unitree_go/lib/python3.10/site-packages'
[9.373s] Level 1:colcon.colcon_core.shell:create_environment_hook('unitree_go', 'pythonpath')
[9.373s] INFO:colcon.colcon_core.shell:Creating environment hook '/home/robot/Hiking_deploy/unitree_ros2/cyclonedds_ws/install/unitree_go/share/unitree_go/hook/pythonpath.ps1'
[9.373s] INFO:colcon.colcon_core.shell:Creating environment descriptor '/home/robot/Hiking_deploy/unitree_ros2/cyclonedds_ws/install/unitree_go/share/unitree_go/hook/pythonpath.dsv'
[9.373s] INFO:colcon.colcon_core.shell:Creating environment hook '/home/robot/Hiking_deploy/unitree_ros2/cyclonedds_ws/install/unitree_go/share/unitree_go/hook/pythonpath.sh'
[9.374s] Level 1:colcon.colcon_core.environment:checking '/home/robot/Hiking_deploy/unitree_ros2/cyclonedds_ws/install/unitree_go/bin'
[9.374s] INFO:colcon.colcon_core.shell:Creating package script '/home/robot/Hiking_deploy/unitree_ros2/cyclonedds_ws/install/unitree_go/share/unitree_go/package.ps1'
[9.375s] INFO:colcon.colcon_core.shell:Creating package descriptor '/home/robot/Hiking_deploy/unitree_ros2/cyclonedds_ws/install/unitree_go/share/unitree_go/package.dsv'
[9.375s] INFO:colcon.colcon_core.shell:Creating package script '/home/robot/Hiking_deploy/unitree_ros2/cyclonedds_ws/install/unitree_go/share/unitree_go/package.sh'
[9.375s] INFO:colcon.colcon_core.shell:Creating package script '/home/robot/Hiking_deploy/unitree_ros2/cyclonedds_ws/install/unitree_go/share/unitree_go/package.bash'
[9.376s] INFO:colcon.colcon_core.shell:Creating package script '/home/robot/Hiking_deploy/unitree_ros2/cyclonedds_ws/install/unitree_go/share/unitree_go/package.zsh'
[9.376s] Level 1:colcon.colcon_core.environment:create_file_with_runtime_dependencies(/home/robot/Hiking_deploy/unitree_ros2/cyclonedds_ws/install/unitree_go/share/colcon-core/packages/unitree_go)
[9.376s] DEBUG:colcon.colcon_parallel_executor.executor.parallel:closing loop
[9.376s] DEBUG:colcon.colcon_parallel_executor.executor.parallel:loop closed
[9.376s] DEBUG:colcon.colcon_parallel_executor.executor.parallel:run_until_complete finished with '0'
[9.376s] DEBUG:colcon.colcon_core.event_reactor:joining thread
[9.379s] INFO:colcon.colcon_core.plugin_system:Skipping extension 'colcon_notification.desktop_notification.terminal_notifier': Not used on non-Darwin systems
[9.379s] INFO:colcon.colcon_core.plugin_system:Skipping extension 'colcon_notification.desktop_notification.win32': Not used on non-Windows systems
[9.379s] INFO:colcon.colcon_notification.desktop_notification:Sending desktop notification using 'notify2'
[9.385s] DEBUG:colcon.colcon_core.event_reactor:joined thread
[9.385s] INFO:colcon.colcon_core.shell:Creating prefix script '/home/robot/Hiking_deploy/unitree_ros2/cyclonedds_ws/install/local_setup.ps1'
[9.386s] INFO:colcon.colcon_core.shell:Creating prefix util module '/home/robot/Hiking_deploy/unitree_ros2/cyclonedds_ws/install/_local_setup_util_ps1.py'
[9.386s] INFO:colcon.colcon_core.shell:Creating prefix chain script '/home/robot/Hiking_deploy/unitree_ros2/cyclonedds_ws/install/setup.ps1'
[9.387s] INFO:colcon.colcon_core.shell:Creating prefix script '/home/robot/Hiking_deploy/unitree_ros2/cyclonedds_ws/install/local_setup.sh'
[9.388s] INFO:colcon.colcon_core.shell:Creating prefix util module '/home/robot/Hiking_deploy/unitree_ros2/cyclonedds_ws/install/_local_setup_util_sh.py'
[9.388s] INFO:colcon.colcon_core.shell:Creating prefix chain script '/home/robot/Hiking_deploy/unitree_ros2/cyclonedds_ws/install/setup.sh'
[9.388s] INFO:colcon.colcon_core.shell:Creating prefix script '/home/robot/Hiking_deploy/unitree_ros2/cyclonedds_ws/install/local_setup.bash'
[9.389s] INFO:colcon.colcon_core.shell:Creating prefix chain script '/home/robot/Hiking_deploy/unitree_ros2/cyclonedds_ws/install/setup.bash'
[9.389s] INFO:colcon.colcon_core.shell:Creating prefix script '/home/robot/Hiking_deploy/unitree_ros2/cyclonedds_ws/install/local_setup.zsh'
[9.390s] INFO:colcon.colcon_core.shell:Creating prefix chain script '/home/robot/Hiking_deploy/unitree_ros2/cyclonedds_ws/install/setup.zsh'
